

Insert into GIS_AUTHORITY (ID,CREATEDATE,NAME,UPDATEDATE,AUTH_TYPE_ID,AUTH_PARENT_ID,ZONE_ID) values (1,null,'admin',null,null,null,null);
Insert into GIS_AUTHORITY (ID,CREATEDATE,NAME,UPDATEDATE,AUTH_TYPE_ID,AUTH_PARENT_ID,ZONE_ID) values (2,null,'CECAT',null,null,'1',null);
Insert into GIS_AUTHORITY (ID,CREATEDATE,NAME,UPDATEDATE,AUTH_TYPE_ID,AUTH_PARENT_ID,ZONE_ID) values (3,null,'GPCL',null,null,'1',null);
-- comment to don't save test users



Insert into GIS_USER (ID,ADMIN_USER,APELLIDOS,CREATE_DATE,EMAIL,NOMBRECOMPLETO,PASSWORD,TELEFONO,UPDATE_DATE,USERNAME,VALID_USER,USER_AUTHORITY_ID) values ('13',null,null,null,null,null,'Tecnic',null,to_timestamp('18/12/12 20:40:44,932000000','DD/MM/RR HH24:MI:SS,FF'),'Tecnic',null,'2');
Insert into GIS_USER (ID,ADMIN_USER,APELLIDOS,CREATE_DATE,EMAIL,NOMBRECOMPLETO,PASSWORD,TELEFONO,UPDATE_DATE,USERNAME,VALID_USER,USER_AUTHORITY_ID) values ('1',null,null,null,null,null,'test_user',null,null,'test_user',null,null);
Insert into GIS_USER (ID,ADMIN_USER,APELLIDOS,CREATE_DATE,EMAIL,NOMBRECOMPLETO,PASSWORD,TELEFONO,UPDATE_DATE,USERNAME,VALID_USER,USER_AUTHORITY_ID) values ('2',null,null,null,null,null,'test_user2',null,null,'test_user2',null,'2');
-- EoF test users







Insert into GIS_FOLDER (ID,CREATE_DATE,ENABLED,FOLDERORDER,IS_CHANNEL,IS_PLAIN,NAME,UPDATE_DATE,FOLDER_AUTH_ID,FOLDER_PARENT_ID,FOLDER_USER_ID,FOLDER_ZONE_ID) values ('65',null,null,null,null,null,null,null,null,null,'13',null);
Insert into GIS_FOLDER (ID,CREATE_DATE,ENABLED,FOLDERORDER,IS_CHANNEL,IS_PLAIN,NAME,UPDATE_DATE,FOLDER_AUTH_ID,FOLDER_PARENT_ID,FOLDER_USER_ID,FOLDER_ZONE_ID) values ('38',null,null,null,null,null,null,null,'2',null,null,null);
Insert into GIS_FOLDER (ID,CREATE_DATE,ENABLED,FOLDERORDER,IS_CHANNEL,IS_PLAIN,NAME,UPDATE_DATE,FOLDER_AUTH_ID,FOLDER_PARENT_ID,FOLDER_USER_ID,FOLDER_ZONE_ID) values ('39',null,null,null,null,null,null,null,'3',null,null,null);
Insert into GIS_FOLDER (ID,CREATE_DATE,ENABLED,FOLDERORDER,IS_CHANNEL,IS_PLAIN,NAME,UPDATE_DATE,FOLDER_AUTH_ID,FOLDER_PARENT_ID,FOLDER_USER_ID,FOLDER_ZONE_ID) values ('24',null,null,null,null,null,'MAPA PROTECCIÓ CIVIL',null,'1',null,null,null);
Insert into GIS_FOLDER (ID,CREATE_DATE,ENABLED,FOLDERORDER,IS_CHANNEL,IS_PLAIN,NAME,UPDATE_DATE,FOLDER_AUTH_ID,FOLDER_PARENT_ID,FOLDER_USER_ID,FOLDER_ZONE_ID) values ('2',null,null,null,null,null,'Planificació Municipal',null,null,'24',null,null);
Insert into GIS_FOLDER (ID,CREATE_DATE,ENABLED,FOLDERORDER,IS_CHANNEL,IS_PLAIN,NAME,UPDATE_DATE,FOLDER_AUTH_ID,FOLDER_PARENT_ID,FOLDER_USER_ID,FOLDER_ZONE_ID) values ('3',null,null,null,null,null,'Obligacions',null,null,'2',null,null);
Insert into GIS_FOLDER (ID,CREATE_DATE,ENABLED,FOLDERORDER,IS_CHANNEL,IS_PLAIN,NAME,UPDATE_DATE,FOLDER_AUTH_ID,FOLDER_PARENT_ID,FOLDER_USER_ID,FOLDER_ZONE_ID) values ('4',null,null,null,null,null,'Vigència',null,null,'2',null,null);
Insert into GIS_FOLDER (ID,CREATE_DATE,ENABLED,FOLDERORDER,IS_CHANNEL,IS_PLAIN,NAME,UPDATE_DATE,FOLDER_AUTH_ID,FOLDER_PARENT_ID,FOLDER_USER_ID,FOLDER_ZONE_ID) values ('5',null,null,null,null,null,'Riscos en el Transport',null,null,'24',null,null);
Insert into GIS_FOLDER (ID,CREATE_DATE,ENABLED,FOLDERORDER,IS_CHANNEL,IS_PLAIN,NAME,UPDATE_DATE,FOLDER_AUTH_ID,FOLDER_PARENT_ID,FOLDER_USER_ID,FOLDER_ZONE_ID) values ('6',null,null,null,null,null,'Risc Transport Ferrocarril',null,null,'5',null,null);
Insert into GIS_FOLDER (ID,CREATE_DATE,ENABLED,FOLDERORDER,IS_CHANNEL,IS_PLAIN,NAME,UPDATE_DATE,FOLDER_AUTH_ID,FOLDER_PARENT_ID,FOLDER_USER_ID,FOLDER_ZONE_ID) values ('7',null,null,null,null,null,'Risc Aeronàutic',null,null,'5',null,null);
Insert into GIS_FOLDER (ID,CREATE_DATE,ENABLED,FOLDERORDER,IS_CHANNEL,IS_PLAIN,NAME,UPDATE_DATE,FOLDER_AUTH_ID,FOLDER_PARENT_ID,FOLDER_USER_ID,FOLDER_ZONE_ID) values ('8',null,null,null,null,null,'Riscos Tecnològics',null,null,'24',null,null);
Insert into GIS_FOLDER (ID,CREATE_DATE,ENABLED,FOLDERORDER,IS_CHANNEL,IS_PLAIN,NAME,UPDATE_DATE,FOLDER_AUTH_ID,FOLDER_PARENT_ID,FOLDER_USER_ID,FOLDER_ZONE_ID) values ('9',null,null,null,null,null,'Risc Químic en Establiments Industrials',null,null,'8',null,null);
Insert into GIS_FOLDER (ID,CREATE_DATE,ENABLED,FOLDERORDER,IS_CHANNEL,IS_PLAIN,NAME,UPDATE_DATE,FOLDER_AUTH_ID,FOLDER_PARENT_ID,FOLDER_USER_ID,FOLDER_ZONE_ID) values ('10',null,null,null,null,null,'Risc Transport Mercaderies Perilloses',null,null,'8',null,null);
Insert into GIS_FOLDER (ID,CREATE_DATE,ENABLED,FOLDERORDER,IS_CHANNEL,IS_PLAIN,NAME,UPDATE_DATE,FOLDER_AUTH_ID,FOLDER_PARENT_ID,FOLDER_USER_ID,FOLDER_ZONE_ID) values ('11',null,null,null,null,null,'Risc Conductes',null,null,'8',null,null);
Insert into GIS_FOLDER (ID,CREATE_DATE,ENABLED,FOLDERORDER,IS_CHANNEL,IS_PLAIN,NAME,UPDATE_DATE,FOLDER_AUTH_ID,FOLDER_PARENT_ID,FOLDER_USER_ID,FOLDER_ZONE_ID) values ('12',null,null,null,null,null,'Risc Nuclear',null,null,'8',null,null);
Insert into GIS_FOLDER (ID,CREATE_DATE,ENABLED,FOLDERORDER,IS_CHANNEL,IS_PLAIN,NAME,UPDATE_DATE,FOLDER_AUTH_ID,FOLDER_PARENT_ID,FOLDER_USER_ID,FOLDER_ZONE_ID) values ('13',null,null,null,null,null,'Risc Radiològic',null,null,'8',null,null);
Insert into GIS_FOLDER (ID,CREATE_DATE,ENABLED,FOLDERORDER,IS_CHANNEL,IS_PLAIN,NAME,UPDATE_DATE,FOLDER_AUTH_ID,FOLDER_PARENT_ID,FOLDER_USER_ID,FOLDER_ZONE_ID) values ('14',null,null,null,null,null,'Risc Contaminació Marina',null,null,'8',null,null);
Insert into GIS_FOLDER (ID,CREATE_DATE,ENABLED,FOLDERORDER,IS_CHANNEL,IS_PLAIN,NAME,UPDATE_DATE,FOLDER_AUTH_ID,FOLDER_PARENT_ID,FOLDER_USER_ID,FOLDER_ZONE_ID) values ('15',null,null,null,null,null,'Riscos Naturals',null,null,'24',null,null);
Insert into GIS_FOLDER (ID,CREATE_DATE,ENABLED,FOLDERORDER,IS_CHANNEL,IS_PLAIN,NAME,UPDATE_DATE,FOLDER_AUTH_ID,FOLDER_PARENT_ID,FOLDER_USER_ID,FOLDER_ZONE_ID) values ('16',null,null,null,null,null,'Risc Inundacions',null,null,'15',null,null);
Insert into GIS_FOLDER (ID,CREATE_DATE,ENABLED,FOLDERORDER,IS_CHANNEL,IS_PLAIN,NAME,UPDATE_DATE,FOLDER_AUTH_ID,FOLDER_PARENT_ID,FOLDER_USER_ID,FOLDER_ZONE_ID) values ('17',null,null,null,null,null,'Risc Incendis Forestals',null,null,'15',null,null);
Insert into GIS_FOLDER (ID,CREATE_DATE,ENABLED,FOLDERORDER,IS_CHANNEL,IS_PLAIN,NAME,UPDATE_DATE,FOLDER_AUTH_ID,FOLDER_PARENT_ID,FOLDER_USER_ID,FOLDER_ZONE_ID) values ('18',null,null,null,null,null,'Risc Nevades',null,null,'15',null,null);
Insert into GIS_FOLDER (ID,CREATE_DATE,ENABLED,FOLDERORDER,IS_CHANNEL,IS_PLAIN,NAME,UPDATE_DATE,FOLDER_AUTH_ID,FOLDER_PARENT_ID,FOLDER_USER_ID,FOLDER_ZONE_ID) values ('19',null,null,null,null,null,'Risc Sísmic',null,null,'15',null,null);
Insert into GIS_FOLDER (ID,CREATE_DATE,ENABLED,FOLDERORDER,IS_CHANNEL,IS_PLAIN,NAME,UPDATE_DATE,FOLDER_AUTH_ID,FOLDER_PARENT_ID,FOLDER_USER_ID,FOLDER_ZONE_ID) values ('20',null,null,null,null,null,'Risc Allaus',null,null,'15',null,null);


Insert into GIS_LAYER_TYPE (ID,NAME) values ('1','WMS');
Insert into GIS_LAYER_TYPE (ID,NAME) values ('2','WFS');
Insert into GIS_LAYER_TYPE (ID,NAME) values ('3','KML');
Insert into GIS_LAYER_TYPE (ID,NAME) values ('5','GML');
Insert into GIS_LAYER_TYPE (ID,NAME) values ('6','TEXT');
Insert into GIS_LAYER_TYPE (ID,NAME) values ('7','WMST');


Insert into GIS_LAYER_TYPE_PROPERTY (ID,NAME) values ('1','projection');
Insert into GIS_LAYER_TYPE_PROPERTY (ID,NAME) values ('2','url');
Insert into GIS_LAYER_TYPE_PROPERTY (ID,NAME) values ('3','testLayer');
Insert into GIS_LAYER_TYPE_PROPERTY (ID,NAME) values ('4','layers');
Insert into GIS_LAYER_TYPE_PROPERTY (ID,NAME) values ('5','transparent');
Insert into GIS_LAYER_TYPE_PROPERTY (ID,NAME) values ('6','format');
Insert into GIS_LAYER_TYPE_PROPERTY (ID,NAME) values ('7','isBaseLayer');
Insert into GIS_LAYER_TYPE_PROPERTY (ID,NAME) values ('8','opacity');
Insert into GIS_LAYER_TYPE_PROPERTY (ID,NAME) values ('9','visibility');
Insert into GIS_LAYER_TYPE_PROPERTY (ID,NAME) values ('10','resolutions');
Insert into GIS_LAYER_TYPE_PROPERTY (ID,NAME) values ('11','buffer');
Insert into GIS_LAYER_TYPE_PROPERTY (ID,NAME) values ('12','maxExtent');


Insert into GIS_MAP_CONF (ID,PDFSERVER,BBOX,DEFAULTIDIOMA,DEFAULTUSERLOGO,DEFAULTWMSSERVER,DISPLAYPROJECTION,DOWNLOADSERVLETURL,INITIALBBOX,MAXRESOLUTION,MAXSCALE,MINRESOLUTION,MINSCALE,NUMZOOMLEVELS,OPENLAYERSPROXYHOST,PROJECTION,RESOLUTIONS,UPLOADSERVLETURL,VERSION) values ('1',null,'162100,4407000,546560,4848000','cat','http://www.emergya.es/logo.jpg','http://sigescat.pise.interior.intranet/ows/wms?','true','download/','162100,4407000,546560,4848000','360','50000000','10','100','16','proxy?url=','EPSG:23031','350,200,120,100,50,25,10,5,2,1,0.5,0.16000000000000000333','uploadServlet','4.1(r928)');

Insert into GIS_PROPERTY_IN_LAYER_TYPE (GIS_LAYER_TYPE_ID,DEFAULTPROPERTIES_ID) values ('7','3');
Insert into GIS_PROPERTY_IN_LAYER_TYPE (GIS_LAYER_TYPE_ID,DEFAULTPROPERTIES_ID) values ('7','4');
Insert into GIS_PROPERTY_IN_LAYER_TYPE (GIS_LAYER_TYPE_ID,DEFAULTPROPERTIES_ID) values ('7','5');
Insert into GIS_PROPERTY_IN_LAYER_TYPE (GIS_LAYER_TYPE_ID,DEFAULTPROPERTIES_ID) values ('7','6');
Insert into GIS_PROPERTY_IN_LAYER_TYPE (GIS_LAYER_TYPE_ID,DEFAULTPROPERTIES_ID) values ('7','7');
Insert into GIS_PROPERTY_IN_LAYER_TYPE (GIS_LAYER_TYPE_ID,DEFAULTPROPERTIES_ID) values ('7','8');
Insert into GIS_PROPERTY_IN_LAYER_TYPE (GIS_LAYER_TYPE_ID,DEFAULTPROPERTIES_ID) values ('7','9');
Insert into GIS_PROPERTY_IN_LAYER_TYPE (GIS_LAYER_TYPE_ID,DEFAULTPROPERTIES_ID) values ('7','10');
Insert into GIS_PROPERTY_IN_LAYER_TYPE (GIS_LAYER_TYPE_ID,DEFAULTPROPERTIES_ID) values ('7','11');
Insert into GIS_PROPERTY_IN_LAYER_TYPE (GIS_LAYER_TYPE_ID,DEFAULTPROPERTIES_ID) values ('7','12');
Insert into GIS_PROPERTY_IN_LAYER_TYPE (GIS_LAYER_TYPE_ID,DEFAULTPROPERTIES_ID) values ('1','3');
Insert into GIS_PROPERTY_IN_LAYER_TYPE (GIS_LAYER_TYPE_ID,DEFAULTPROPERTIES_ID) values ('1','4');
Insert into GIS_PROPERTY_IN_LAYER_TYPE (GIS_LAYER_TYPE_ID,DEFAULTPROPERTIES_ID) values ('1','5');
Insert into GIS_PROPERTY_IN_LAYER_TYPE (GIS_LAYER_TYPE_ID,DEFAULTPROPERTIES_ID) values ('1','6');
Insert into GIS_PROPERTY_IN_LAYER_TYPE (GIS_LAYER_TYPE_ID,DEFAULTPROPERTIES_ID) values ('1','7');
Insert into GIS_PROPERTY_IN_LAYER_TYPE (GIS_LAYER_TYPE_ID,DEFAULTPROPERTIES_ID) values ('1','8');
Insert into GIS_PROPERTY_IN_LAYER_TYPE (GIS_LAYER_TYPE_ID,DEFAULTPROPERTIES_ID) values ('1','9');
Insert into GIS_PROPERTY_IN_LAYER_TYPE (GIS_LAYER_TYPE_ID,DEFAULTPROPERTIES_ID) values ('1','11');
Insert into GIS_PROPERTY_IN_LAYER_TYPE (GIS_LAYER_TYPE_ID,DEFAULTPROPERTIES_ID) values ('1','12');

Insert into GIS_LAYER (ID,CREAT_DATE,ENABLED,IS_CHANNEL,NAME_LAYER,ORDER_LAYER,PUBLICIZED,SERVER_RESOURCE,UPDATE_DATE,LAYER_AUTH_ID,LAYER_FOLDER_ID,LAYER_LAYER_TYPE_ID,LAYER_USER_ID) values ('1',null,null,null,'Topo',null,null,'http://10.136.202.75/wmst/topo',null,'1','24','7',null);
Insert into GIS_LAYER (ID,CREAT_DATE,ENABLED,IS_CHANNEL,NAME_LAYER,ORDER_LAYER,PUBLICIZED,SERVER_RESOURCE,UPDATE_DATE,LAYER_AUTH_ID,LAYER_FOLDER_ID,LAYER_LAYER_TYPE_ID,LAYER_USER_ID) values ('2',null,null,null,'PNOA',null,null,'http://www.idee.es/wms/PNOA/PNOA',null,'1','24','1',null);
Insert into GIS_LAYER (ID,CREAT_DATE,ENABLED,IS_CHANNEL,NAME_LAYER,ORDER_LAYER,PUBLICIZED,SERVER_RESOURCE,UPDATE_DATE,LAYER_AUTH_ID,LAYER_FOLDER_ID,LAYER_LAYER_TYPE_ID,LAYER_USER_ID) values ('3',null,null,null,'Orto',null,null,'http://10.136.202.75/wmst/orto',null,'1','24','7',null);
Insert into GIS_LAYER (ID,CREAT_DATE,ENABLED,IS_CHANNEL,NAME_LAYER,ORDER_LAYER,PUBLICIZED,SERVER_RESOURCE,UPDATE_DATE,LAYER_AUTH_ID,LAYER_FOLDER_ID,LAYER_LAYER_TYPE_ID,LAYER_USER_ID) values ('4',null,null,null,'Dades',null,null,'http://10.136.202.75/wmst/dades',null,'1','24','7',null);
Insert into GIS_LAYER (ID,CREAT_DATE,ENABLED,IS_CHANNEL,NAME_LAYER,ORDER_LAYER,PUBLICIZED,SERVER_RESOURCE,UPDATE_DATE,LAYER_AUTH_ID,LAYER_FOLDER_ID,LAYER_LAYER_TYPE_ID,LAYER_USER_ID) values ('5',null,null,null,'PAM Plaseqcat',null,null,'http://10.136.202.75/ows/wms?',null,'1','3','1',null);
Insert into GIS_LAYER (ID,CREAT_DATE,ENABLED,IS_CHANNEL,NAME_LAYER,ORDER_LAYER,PUBLICIZED,SERVER_RESOURCE,UPDATE_DATE,LAYER_AUTH_ID,LAYER_FOLDER_ID,LAYER_LAYER_TYPE_ID,LAYER_USER_ID) values ('6',null,null,null,'PAM Transcat',null,null,'http://10.136.202.75/ows/wms?',null,'1','3','1',null);
Insert into GIS_LAYER (ID,CREAT_DATE,ENABLED,IS_CHANNEL,NAME_LAYER,ORDER_LAYER,PUBLICIZED,SERVER_RESOURCE,UPDATE_DATE,LAYER_AUTH_ID,LAYER_FOLDER_ID,LAYER_LAYER_TYPE_ID,LAYER_USER_ID) values ('7',null,null,null,'PAM Sismicat',null,null,'http://10.136.202.75/ows/wms?',null,'1','3','1',null);
Insert into GIS_LAYER (ID,CREAT_DATE,ENABLED,IS_CHANNEL,NAME_LAYER,ORDER_LAYER,PUBLICIZED,SERVER_RESOURCE,UPDATE_DATE,LAYER_AUTH_ID,LAYER_FOLDER_ID,LAYER_LAYER_TYPE_ID,LAYER_USER_ID) values ('8',null,null,null,'PAM Neucat',null,null,'http://10.136.202.75/ows/wms?',null,'1','3','1',null);
Insert into GIS_LAYER (ID,CREAT_DATE,ENABLED,IS_CHANNEL,NAME_LAYER,ORDER_LAYER,PUBLICIZED,SERVER_RESOURCE,UPDATE_DATE,LAYER_AUTH_ID,LAYER_FOLDER_ID,LAYER_LAYER_TYPE_ID,LAYER_USER_ID) values ('9',null,null,null,'PAM Inuncat',null,null,'http://10.136.202.75/ows/wms?',null,'1','3','1',null);
Insert into GIS_LAYER (ID,CREAT_DATE,ENABLED,IS_CHANNEL,NAME_LAYER,ORDER_LAYER,PUBLICIZED,SERVER_RESOURCE,UPDATE_DATE,LAYER_AUTH_ID,LAYER_FOLDER_ID,LAYER_LAYER_TYPE_ID,LAYER_USER_ID) values ('10',null,null,null,'PAM Infocat',null,null,'http://10.136.202.75/ows/wms?',null,'1','3','1',null);
Insert into GIS_LAYER (ID,CREAT_DATE,ENABLED,IS_CHANNEL,NAME_LAYER,ORDER_LAYER,PUBLICIZED,SERVER_RESOURCE,UPDATE_DATE,LAYER_AUTH_ID,LAYER_FOLDER_ID,LAYER_LAYER_TYPE_ID,LAYER_USER_ID) values ('11',null,null,null,'PAM Camcat',null,null,'http://10.136.202.75/ows/wms?',null,'1','3','1',null);
Insert into GIS_LAYER (ID,CREAT_DATE,ENABLED,IS_CHANNEL,NAME_LAYER,ORDER_LAYER,PUBLICIZED,SERVER_RESOURCE,UPDATE_DATE,LAYER_AUTH_ID,LAYER_FOLDER_ID,LAYER_LAYER_TYPE_ID,LAYER_USER_ID) values ('12',null,null,null,'PAM Aerocat',null,null,'http://10.136.202.75/ows/wms?',null,'1','3','1',null);
Insert into GIS_LAYER (ID,CREAT_DATE,ENABLED,IS_CHANNEL,NAME_LAYER,ORDER_LAYER,PUBLICIZED,SERVER_RESOURCE,UPDATE_DATE,LAYER_AUTH_ID,LAYER_FOLDER_ID,LAYER_LAYER_TYPE_ID,LAYER_USER_ID) values ('13',null,null,null,'PAM Penta',null,null,'http://10.136.202.75/ows/wms?',null,'1','3','1',null);
Insert into GIS_LAYER (ID,CREAT_DATE,ENABLED,IS_CHANNEL,NAME_LAYER,ORDER_LAYER,PUBLICIZED,SERVER_RESOURCE,UPDATE_DATE,LAYER_AUTH_ID,LAYER_FOLDER_ID,LAYER_LAYER_TYPE_ID,LAYER_USER_ID) values ('14',null,null,null,'PAM Radcat',null,null,'http://10.136.202.75/ows/wms?',null,'1','3','1',null);
Insert into GIS_LAYER (ID,CREAT_DATE,ENABLED,IS_CHANNEL,NAME_LAYER,ORDER_LAYER,PUBLICIZED,SERVER_RESOURCE,UPDATE_DATE,LAYER_AUTH_ID,LAYER_FOLDER_ID,LAYER_LAYER_TYPE_ID,LAYER_USER_ID) values ('15',null,null,null,'PAM Allaucat',null,null,'http://10.136.202.75/ows/wms?',null,'1','3','1',null);
Insert into GIS_LAYER (ID,CREAT_DATE,ENABLED,IS_CHANNEL,NAME_LAYER,ORDER_LAYER,PUBLICIZED,SERVER_RESOURCE,UPDATE_DATE,LAYER_AUTH_ID,LAYER_FOLDER_ID,LAYER_LAYER_TYPE_ID,LAYER_USER_ID) values ('16',null,null,null,'PBEM Aerocat',null,null,'http://10.136.202.75/ows/wms?',null,'1','3','1',null);
Insert into GIS_LAYER (ID,CREAT_DATE,ENABLED,IS_CHANNEL,NAME_LAYER,ORDER_LAYER,PUBLICIZED,SERVER_RESOURCE,UPDATE_DATE,LAYER_AUTH_ID,LAYER_FOLDER_ID,LAYER_LAYER_TYPE_ID,LAYER_USER_ID) values ('17',null,null,null,'PBEM Ferrocat',null,null,'http://10.136.202.75/ows/wms?',null,'1','3','1',null);
Insert into GIS_LAYER (ID,CREAT_DATE,ENABLED,IS_CHANNEL,NAME_LAYER,ORDER_LAYER,PUBLICIZED,SERVER_RESOURCE,UPDATE_DATE,LAYER_AUTH_ID,LAYER_FOLDER_ID,LAYER_LAYER_TYPE_ID,LAYER_USER_ID) values ('18',null,null,null,'PBEM Procicat',null,null,'http://10.136.202.75/ows/wms?',null,'1','3','1',null);
Insert into GIS_LAYER (ID,CREAT_DATE,ENABLED,IS_CHANNEL,NAME_LAYER,ORDER_LAYER,PUBLICIZED,SERVER_RESOURCE,UPDATE_DATE,LAYER_AUTH_ID,LAYER_FOLDER_ID,LAYER_LAYER_TYPE_ID,LAYER_USER_ID) values ('19',null,null,null,'PAM Plaseqcat',null,null,'http://10.136.202.75/ows/wms?',null,'1','4','1',null);
Insert into GIS_LAYER (ID,CREAT_DATE,ENABLED,IS_CHANNEL,NAME_LAYER,ORDER_LAYER,PUBLICIZED,SERVER_RESOURCE,UPDATE_DATE,LAYER_AUTH_ID,LAYER_FOLDER_ID,LAYER_LAYER_TYPE_ID,LAYER_USER_ID) values ('20',null,null,null,'PAM Transcat',null,null,'http://10.136.202.75/ows/wms?',null,'1','4','1',null);
Insert into GIS_LAYER (ID,CREAT_DATE,ENABLED,IS_CHANNEL,NAME_LAYER,ORDER_LAYER,PUBLICIZED,SERVER_RESOURCE,UPDATE_DATE,LAYER_AUTH_ID,LAYER_FOLDER_ID,LAYER_LAYER_TYPE_ID,LAYER_USER_ID) values ('21',null,null,null,'PAM Sismicat',null,null,'http://10.136.202.75/ows/wms?',null,'1','4','1',null);
Insert into GIS_LAYER (ID,CREAT_DATE,ENABLED,IS_CHANNEL,NAME_LAYER,ORDER_LAYER,PUBLICIZED,SERVER_RESOURCE,UPDATE_DATE,LAYER_AUTH_ID,LAYER_FOLDER_ID,LAYER_LAYER_TYPE_ID,LAYER_USER_ID) values ('22',null,null,null,'PAM Neucat',null,null,'http://10.136.202.75/ows/wms?',null,'1','4','1',null);
Insert into GIS_LAYER (ID,CREAT_DATE,ENABLED,IS_CHANNEL,NAME_LAYER,ORDER_LAYER,PUBLICIZED,SERVER_RESOURCE,UPDATE_DATE,LAYER_AUTH_ID,LAYER_FOLDER_ID,LAYER_LAYER_TYPE_ID,LAYER_USER_ID) values ('23',null,null,null,'PAM Inuncat',null,null,'http://10.136.202.75/ows/wms?',null,'1','4','1',null);
Insert into GIS_LAYER (ID,CREAT_DATE,ENABLED,IS_CHANNEL,NAME_LAYER,ORDER_LAYER,PUBLICIZED,SERVER_RESOURCE,UPDATE_DATE,LAYER_AUTH_ID,LAYER_FOLDER_ID,LAYER_LAYER_TYPE_ID,LAYER_USER_ID) values ('24',null,null,null,'PAM Infocat',null,null,'http://10.136.202.75/ows/wms?',null,'1','4','1',null);
Insert into GIS_LAYER (ID,CREAT_DATE,ENABLED,IS_CHANNEL,NAME_LAYER,ORDER_LAYER,PUBLICIZED,SERVER_RESOURCE,UPDATE_DATE,LAYER_AUTH_ID,LAYER_FOLDER_ID,LAYER_LAYER_TYPE_ID,LAYER_USER_ID) values ('25',null,null,null,'PAM Camcat',null,null,'http://10.136.202.75/ows/wms?',null,'1','4','1',null);
Insert into GIS_LAYER (ID,CREAT_DATE,ENABLED,IS_CHANNEL,NAME_LAYER,ORDER_LAYER,PUBLICIZED,SERVER_RESOURCE,UPDATE_DATE,LAYER_AUTH_ID,LAYER_FOLDER_ID,LAYER_LAYER_TYPE_ID,LAYER_USER_ID) values ('26',null,null,null,'PAM Aerocat',null,null,'http://10.136.202.75/ows/wms?',null,'1','4','1',null);
Insert into GIS_LAYER (ID,CREAT_DATE,ENABLED,IS_CHANNEL,NAME_LAYER,ORDER_LAYER,PUBLICIZED,SERVER_RESOURCE,UPDATE_DATE,LAYER_AUTH_ID,LAYER_FOLDER_ID,LAYER_LAYER_TYPE_ID,LAYER_USER_ID) values ('27',null,null,null,'PAM Penta',null,null,'http://10.136.202.75/ows/wms?',null,'1','4','1',null);
Insert into GIS_LAYER (ID,CREAT_DATE,ENABLED,IS_CHANNEL,NAME_LAYER,ORDER_LAYER,PUBLICIZED,SERVER_RESOURCE,UPDATE_DATE,LAYER_AUTH_ID,LAYER_FOLDER_ID,LAYER_LAYER_TYPE_ID,LAYER_USER_ID) values ('28',null,null,null,'PAM Radcat',null,null,'http://10.136.202.75/ows/wms?',null,'1','4','1',null);
Insert into GIS_LAYER (ID,CREAT_DATE,ENABLED,IS_CHANNEL,NAME_LAYER,ORDER_LAYER,PUBLICIZED,SERVER_RESOURCE,UPDATE_DATE,LAYER_AUTH_ID,LAYER_FOLDER_ID,LAYER_LAYER_TYPE_ID,LAYER_USER_ID) values ('29',null,null,null,'PAM Allaucat',null,null,'http://10.136.202.75/ows/wms?',null,'1','4','1',null);
Insert into GIS_LAYER (ID,CREAT_DATE,ENABLED,IS_CHANNEL,NAME_LAYER,ORDER_LAYER,PUBLICIZED,SERVER_RESOURCE,UPDATE_DATE,LAYER_AUTH_ID,LAYER_FOLDER_ID,LAYER_LAYER_TYPE_ID,LAYER_USER_ID) values ('30',null,null,null,'PBEM Aerocat',null,null,'http://10.136.202.75/ows/wms?',null,'1','4','1',null);
Insert into GIS_LAYER (ID,CREAT_DATE,ENABLED,IS_CHANNEL,NAME_LAYER,ORDER_LAYER,PUBLICIZED,SERVER_RESOURCE,UPDATE_DATE,LAYER_AUTH_ID,LAYER_FOLDER_ID,LAYER_LAYER_TYPE_ID,LAYER_USER_ID) values ('31',null,null,null,'PBEM Ferrocat',null,null,'http://10.136.202.75/ows/wms?',null,'1','4','1',null);
Insert into GIS_LAYER (ID,CREAT_DATE,ENABLED,IS_CHANNEL,NAME_LAYER,ORDER_LAYER,PUBLICIZED,SERVER_RESOURCE,UPDATE_DATE,LAYER_AUTH_ID,LAYER_FOLDER_ID,LAYER_LAYER_TYPE_ID,LAYER_USER_ID) values ('32',null,null,null,'PBEM Procicat',null,null,'http://10.136.202.75/ows/wms?',null,'1','4','1',null);
Insert into GIS_LAYER (ID,CREAT_DATE,ENABLED,IS_CHANNEL,NAME_LAYER,ORDER_LAYER,PUBLICIZED,SERVER_RESOURCE,UPDATE_DATE,LAYER_AUTH_ID,LAYER_FOLDER_ID,LAYER_LAYER_TYPE_ID,LAYER_USER_ID) values ('33',null,null,null,'Estacions ferrocarril',null,null,'http://10.136.202.75/ows/wms?',null,'1','6','1',null);
Insert into GIS_LAYER (ID,CREAT_DATE,ENABLED,IS_CHANNEL,NAME_LAYER,ORDER_LAYER,PUBLICIZED,SERVER_RESOURCE,UPDATE_DATE,LAYER_AUTH_ID,LAYER_FOLDER_ID,LAYER_LAYER_TYPE_ID,LAYER_USER_ID) values ('34',null,null,null,'Túnels ferrocarril',null,null,'http://10.136.202.75/ows/wms?',null,'1','6','1',null);
Insert into GIS_LAYER (ID,CREAT_DATE,ENABLED,IS_CHANNEL,NAME_LAYER,ORDER_LAYER,PUBLICIZED,SERVER_RESOURCE,UPDATE_DATE,LAYER_AUTH_ID,LAYER_FOLDER_ID,LAYER_LAYER_TYPE_ID,LAYER_USER_ID) values ('35',null,null,null,'Línies ferrocarril',null,null,'http://10.136.202.75/ows/wms?',null,'1','6','1',null);
Insert into GIS_LAYER (ID,CREAT_DATE,ENABLED,IS_CHANNEL,NAME_LAYER,ORDER_LAYER,PUBLICIZED,SERVER_RESOURCE,UPDATE_DATE,LAYER_AUTH_ID,LAYER_FOLDER_ID,LAYER_LAYER_TYPE_ID,LAYER_USER_ID) values ('36',null,null,null,'Instal·lacions aeronaútiques',null,null,'http://10.136.202.75/ows/wms?',null,'1','7','1',null);
Insert into GIS_LAYER (ID,CREAT_DATE,ENABLED,IS_CHANNEL,NAME_LAYER,ORDER_LAYER,PUBLICIZED,SERVER_RESOURCE,UPDATE_DATE,LAYER_AUTH_ID,LAYER_FOLDER_ID,LAYER_LAYER_TYPE_ID,LAYER_USER_ID) values ('37',null,null,null,'Zones d"emergència aeronaútica',null,null,'http://10.136.202.75/ows/wms?',null,'1','7','1',null);
Insert into GIS_LAYER (ID,CREAT_DATE,ENABLED,IS_CHANNEL,NAME_LAYER,ORDER_LAYER,PUBLICIZED,SERVER_RESOURCE,UPDATE_DATE,LAYER_AUTH_ID,LAYER_FOLDER_ID,LAYER_LAYER_TYPE_ID,LAYER_USER_ID) values ('38',null,null,null,'Establiments Plaseqcat',null,null,'http://10.136.202.75/ows/wms?',null,'1','9','1',null);
Insert into GIS_LAYER (ID,CREAT_DATE,ENABLED,IS_CHANNEL,NAME_LAYER,ORDER_LAYER,PUBLICIZED,SERVER_RESOURCE,UPDATE_DATE,LAYER_AUTH_ID,LAYER_FOLDER_ID,LAYER_LAYER_TYPE_ID,LAYER_USER_ID) values ('39',null,null,null,'Perímetre de les instal·lacions',null,null,'http://10.136.202.75/ows/wms?',null,'1','9','1',null);
Insert into GIS_LAYER (ID,CREAT_DATE,ENABLED,IS_CHANNEL,NAME_LAYER,ORDER_LAYER,PUBLICIZED,SERVER_RESOURCE,UPDATE_DATE,LAYER_AUTH_ID,LAYER_FOLDER_ID,LAYER_LAYER_TYPE_ID,LAYER_USER_ID) values ('40',null,null,null,'Zona intervenció i alerta màximes',null,null,'http://10.136.202.75/ows/wms?',null,'1','9','1',null);
Insert into GIS_LAYER (ID,CREAT_DATE,ENABLED,IS_CHANNEL,NAME_LAYER,ORDER_LAYER,PUBLICIZED,SERVER_RESOURCE,UPDATE_DATE,LAYER_AUTH_ID,LAYER_FOLDER_ID,LAYER_LAYER_TYPE_ID,LAYER_USER_ID) values ('41',null,null,null,'Sirenes',null,null,'http://10.136.202.75/ows/wms?',null,'1','9','1',null);
Insert into GIS_LAYER (ID,CREAT_DATE,ENABLED,IS_CHANNEL,NAME_LAYER,ORDER_LAYER,PUBLICIZED,SERVER_RESOURCE,UPDATE_DATE,LAYER_AUTH_ID,LAYER_FOLDER_ID,LAYER_LAYER_TYPE_ID,LAYER_USER_ID) values ('42',null,null,null,'Sirenes: cobertura',null,null,'http://10.136.202.75/ows/wms?',null,'1','9','1',null);
Insert into GIS_LAYER (ID,CREAT_DATE,ENABLED,IS_CHANNEL,NAME_LAYER,ORDER_LAYER,PUBLICIZED,SERVER_RESOURCE,UPDATE_DATE,LAYER_AUTH_ID,LAYER_FOLDER_ID,LAYER_LAYER_TYPE_ID,LAYER_USER_ID) values ('43',null,null,null,'Zones d"evacuació',null,null,'http://10.136.202.75/ows/wms?',null,'1','9','1',null);
Insert into GIS_LAYER (ID,CREAT_DATE,ENABLED,IS_CHANNEL,NAME_LAYER,ORDER_LAYER,PUBLICIZED,SERVER_RESOURCE,UPDATE_DATE,LAYER_AUTH_ID,LAYER_FOLDER_ID,LAYER_LAYER_TYPE_ID,LAYER_USER_ID) values ('44',null,null,null,'Zones de confinament general',null,null,'http://10.136.202.75/ows/wms?',null,'1','9','1',null);
Insert into GIS_LAYER (ID,CREAT_DATE,ENABLED,IS_CHANNEL,NAME_LAYER,ORDER_LAYER,PUBLICIZED,SERVER_RESOURCE,UPDATE_DATE,LAYER_AUTH_ID,LAYER_FOLDER_ID,LAYER_LAYER_TYPE_ID,LAYER_USER_ID) values ('45',null,null,null,'Zones d"indefensió en l"autoprotecció',null,null,'http://10.136.202.75/ows/wms?',null,'1','9','1',null);
Insert into GIS_LAYER (ID,CREAT_DATE,ENABLED,IS_CHANNEL,NAME_LAYER,ORDER_LAYER,PUBLICIZED,SERVER_RESOURCE,UPDATE_DATE,LAYER_AUTH_ID,LAYER_FOLDER_ID,LAYER_LAYER_TYPE_ID,LAYER_USER_ID) values ('46',null,null,null,'Zones d"intensitat límit',null,null,'http://10.136.202.75/ows/wms?',null,'1','9','1',null);
Insert into GIS_LAYER (ID,CREAT_DATE,ENABLED,IS_CHANNEL,NAME_LAYER,ORDER_LAYER,PUBLICIZED,SERVER_RESOURCE,UPDATE_DATE,LAYER_AUTH_ID,LAYER_FOLDER_ID,LAYER_LAYER_TYPE_ID,LAYER_USER_ID) values ('47',null,null,null,'Transcat viari',null,null,'http://10.136.202.75/ows/wms?',null,'1','10','1',null);
Insert into GIS_LAYER (ID,CREAT_DATE,ENABLED,IS_CHANNEL,NAME_LAYER,ORDER_LAYER,PUBLICIZED,SERVER_RESOURCE,UPDATE_DATE,LAYER_AUTH_ID,LAYER_FOLDER_ID,LAYER_LAYER_TYPE_ID,LAYER_USER_ID) values ('48',null,null,null,'Transcat ferrocarril',null,null,'http://10.136.202.75/ows/wms?',null,'1','10','1',null);
Insert into GIS_LAYER (ID,CREAT_DATE,ENABLED,IS_CHANNEL,NAME_LAYER,ORDER_LAYER,PUBLICIZED,SERVER_RESOURCE,UPDATE_DATE,LAYER_AUTH_ID,LAYER_FOLDER_ID,LAYER_LAYER_TYPE_ID,LAYER_USER_ID) values ('49',null,null,null,'ZIEA Transcat',null,null,'http://10.136.202.75/ows/wms?',null,'1','10','1',null);
Insert into GIS_LAYER (ID,CREAT_DATE,ENABLED,IS_CHANNEL,NAME_LAYER,ORDER_LAYER,PUBLICIZED,SERVER_RESOURCE,UPDATE_DATE,LAYER_AUTH_ID,LAYER_FOLDER_ID,LAYER_LAYER_TYPE_ID,LAYER_USER_ID) values ('50',null,null,null,'Municipis amb oleoducte',null,null,'http://10.136.202.75/ows/wms?',null,'1','11','1',null);
Insert into GIS_LAYER (ID,CREAT_DATE,ENABLED,IS_CHANNEL,NAME_LAYER,ORDER_LAYER,PUBLICIZED,SERVER_RESOURCE,UPDATE_DATE,LAYER_AUTH_ID,LAYER_FOLDER_ID,LAYER_LAYER_TYPE_ID,LAYER_USER_ID) values ('51',null,null,null,'Municipis amb etilenoducte',null,null,'http://10.136.202.75/ows/wms?',null,'1','11','1',null);
Insert into GIS_LAYER (ID,CREAT_DATE,ENABLED,IS_CHANNEL,NAME_LAYER,ORDER_LAYER,PUBLICIZED,SERVER_RESOURCE,UPDATE_DATE,LAYER_AUTH_ID,LAYER_FOLDER_ID,LAYER_LAYER_TYPE_ID,LAYER_USER_ID) values ('52',null,null,null,'Municipis amb gasoducte operatiu',null,null,'http://10.136.202.75/ows/wms?',null,'1','11','1',null);
Insert into GIS_LAYER (ID,CREAT_DATE,ENABLED,IS_CHANNEL,NAME_LAYER,ORDER_LAYER,PUBLICIZED,SERVER_RESOURCE,UPDATE_DATE,LAYER_AUTH_ID,LAYER_FOLDER_ID,LAYER_LAYER_TYPE_ID,LAYER_USER_ID) values ('53',null,null,null,'Etilenoducte',null,null,'http://10.136.202.75/ows/wms?',null,'1','11','1',null);
Insert into GIS_LAYER (ID,CREAT_DATE,ENABLED,IS_CHANNEL,NAME_LAYER,ORDER_LAYER,PUBLICIZED,SERVER_RESOURCE,UPDATE_DATE,LAYER_AUTH_ID,LAYER_FOLDER_ID,LAYER_LAYER_TYPE_ID,LAYER_USER_ID) values ('54',null,null,null,'Oleoducte',null,null,'http://10.136.202.75/ows/wms?',null,'1','11','1',null);
Insert into GIS_LAYER (ID,CREAT_DATE,ENABLED,IS_CHANNEL,NAME_LAYER,ORDER_LAYER,PUBLICIZED,SERVER_RESOURCE,UPDATE_DATE,LAYER_AUTH_ID,LAYER_FOLDER_ID,LAYER_LAYER_TYPE_ID,LAYER_USER_ID) values ('55',null,null,null,'Gasoducte',null,null,'http://10.136.202.75/ows/wms?',null,'1','11','1',null);
Insert into GIS_LAYER (ID,CREAT_DATE,ENABLED,IS_CHANNEL,NAME_LAYER,ORDER_LAYER,PUBLICIZED,SERVER_RESOURCE,UPDATE_DATE,LAYER_AUTH_ID,LAYER_FOLDER_ID,LAYER_LAYER_TYPE_ID,LAYER_USER_ID) values ('56',null,null,null,'Zones emergència nuclear',null,null,'http://10.136.202.75/ows/wms?',null,'1','12','1',null);
Insert into GIS_LAYER (ID,CREAT_DATE,ENABLED,IS_CHANNEL,NAME_LAYER,ORDER_LAYER,PUBLICIZED,SERVER_RESOURCE,UPDATE_DATE,LAYER_AUTH_ID,LAYER_FOLDER_ID,LAYER_LAYER_TYPE_ID,LAYER_USER_ID) values ('57',null,null,null,'Municipis instal·lacions radioactives',null,null,'http://10.136.202.75/ows/wms?',null,'1','13','1',null);
Insert into GIS_LAYER (ID,CREAT_DATE,ENABLED,IS_CHANNEL,NAME_LAYER,ORDER_LAYER,PUBLICIZED,SERVER_RESOURCE,UPDATE_DATE,LAYER_AUTH_ID,LAYER_FOLDER_ID,LAYER_LAYER_TYPE_ID,LAYER_USER_ID) values ('58',null,null,null,'Municipis instal·lacions vigilància radioactiva',null,null,'http://10.136.202.75/ows/wms?',null,'1','13','1',null);
Insert into GIS_LAYER (ID,CREAT_DATE,ENABLED,IS_CHANNEL,NAME_LAYER,ORDER_LAYER,PUBLICIZED,SERVER_RESOURCE,UPDATE_DATE,LAYER_AUTH_ID,LAYER_FOLDER_ID,LAYER_LAYER_TYPE_ID,LAYER_USER_ID) values ('59',null,null,null,'Municipis instal·lacions vigilància radioactiva',null,null,'http://10.136.202.75/ows/wms?',null,'1','13','1',null);
Insert into GIS_LAYER (ID,CREAT_DATE,ENABLED,IS_CHANNEL,NAME_LAYER,ORDER_LAYER,PUBLICIZED,SERVER_RESOURCE,UPDATE_DATE,LAYER_AUTH_ID,LAYER_FOLDER_ID,LAYER_LAYER_TYPE_ID,LAYER_USER_ID) values ('60',null,null,null,'Municipis en zona de perill radiològic',null,null,'http://10.136.202.75/ows/wms?',null,'1','13','1',null);
Insert into GIS_LAYER (ID,CREAT_DATE,ENABLED,IS_CHANNEL,NAME_LAYER,ORDER_LAYER,PUBLICIZED,SERVER_RESOURCE,UPDATE_DATE,LAYER_AUTH_ID,LAYER_FOLDER_ID,LAYER_LAYER_TYPE_ID,LAYER_USER_ID) values ('61',null,null,null,'Municipis vigilància ambiental',null,null,'http://10.136.202.75/ows/wms?',null,'1','13','1',null);
Insert into GIS_LAYER (ID,CREAT_DATE,ENABLED,IS_CHANNEL,NAME_LAYER,ORDER_LAYER,PUBLICIZED,SERVER_RESOURCE,UPDATE_DATE,LAYER_AUTH_ID,LAYER_FOLDER_ID,LAYER_LAYER_TYPE_ID,LAYER_USER_ID) values ('62',null,null,null,'Instal·lacions nuclears no generadores d"energia',null,null,'http://10.136.202.75/ows/wms?',null,'1','13','1',null);
Insert into GIS_LAYER (ID,CREAT_DATE,ENABLED,IS_CHANNEL,NAME_LAYER,ORDER_LAYER,PUBLICIZED,SERVER_RESOURCE,UPDATE_DATE,LAYER_AUTH_ID,LAYER_FOLDER_ID,LAYER_LAYER_TYPE_ID,LAYER_USER_ID) values ('63',null,null,null,'Zones perill',null,null,'http://10.136.202.75/ows/wms?',null,'1','13','1',null);
Insert into GIS_LAYER (ID,CREAT_DATE,ENABLED,IS_CHANNEL,NAME_LAYER,ORDER_LAYER,PUBLICIZED,SERVER_RESOURCE,UPDATE_DATE,LAYER_AUTH_ID,LAYER_FOLDER_ID,LAYER_LAYER_TYPE_ID,LAYER_USER_ID) values ('64',null,null,null,'Instal·lacions de vigilància radiològica',null,null,'http://10.136.202.75/ows/wms?',null,'1','13','1',null);
Insert into GIS_LAYER (ID,CREAT_DATE,ENABLED,IS_CHANNEL,NAME_LAYER,ORDER_LAYER,PUBLICIZED,SERVER_RESOURCE,UPDATE_DATE,LAYER_AUTH_ID,LAYER_FOLDER_ID,LAYER_LAYER_TYPE_ID,LAYER_USER_ID) values ('65',null,null,null,'Instal·lacions radioactives',null,null,'http://10.136.202.75/ows/wms?',null,'1','13','1',null);
Insert into GIS_LAYER (ID,CREAT_DATE,ENABLED,IS_CHANNEL,NAME_LAYER,ORDER_LAYER,PUBLICIZED,SERVER_RESOURCE,UPDATE_DATE,LAYER_AUTH_ID,LAYER_FOLDER_ID,LAYER_LAYER_TYPE_ID,LAYER_USER_ID) values ('66',null,null,null,'Vulnerabilitat',null,null,'http://10.136.202.75/ows/wms?',null,'1','14','1',null);
Insert into GIS_LAYER (ID,CREAT_DATE,ENABLED,IS_CHANNEL,NAME_LAYER,ORDER_LAYER,PUBLICIZED,SERVER_RESOURCE,UPDATE_DATE,LAYER_AUTH_ID,LAYER_FOLDER_ID,LAYER_LAYER_TYPE_ID,LAYER_USER_ID) values ('67',null,null,null,'Perill',null,null,'http://10.136.202.75/ows/wms?',null,'1','14','1',null);
Insert into GIS_LAYER (ID,CREAT_DATE,ENABLED,IS_CHANNEL,NAME_LAYER,ORDER_LAYER,PUBLICIZED,SERVER_RESOURCE,UPDATE_DATE,LAYER_AUTH_ID,LAYER_FOLDER_ID,LAYER_LAYER_TYPE_ID,LAYER_USER_ID) values ('68',null,null,null,'Punts Actuació Prioritària',null,null,'http://10.136.202.75/ows/wms?',null,'1','16','1',null);
Insert into GIS_LAYER (ID,CREAT_DATE,ENABLED,IS_CHANNEL,NAME_LAYER,ORDER_LAYER,PUBLICIZED,SERVER_RESOURCE,UPDATE_DATE,LAYER_AUTH_ID,LAYER_FOLDER_ID,LAYER_LAYER_TYPE_ID,LAYER_USER_ID) values ('69',null,null,null,'Zones inundables T50',null,null,'http://10.136.202.75/ows/wms?',null,'1','16','1',null);
Insert into GIS_LAYER (ID,CREAT_DATE,ENABLED,IS_CHANNEL,NAME_LAYER,ORDER_LAYER,PUBLICIZED,SERVER_RESOURCE,UPDATE_DATE,LAYER_AUTH_ID,LAYER_FOLDER_ID,LAYER_LAYER_TYPE_ID,LAYER_USER_ID) values ('70',null,null,null,'Zones inundables T100',null,null,'http://10.136.202.75/ows/wms?',null,'1','16','1',null);
Insert into GIS_LAYER (ID,CREAT_DATE,ENABLED,IS_CHANNEL,NAME_LAYER,ORDER_LAYER,PUBLICIZED,SERVER_RESOURCE,UPDATE_DATE,LAYER_AUTH_ID,LAYER_FOLDER_ID,LAYER_LAYER_TYPE_ID,LAYER_USER_ID) values ('71',null,null,null,'Zones inundables T500',null,null,'http://10.136.202.75/ows/wms?',null,'1','16','1',null);
Insert into GIS_LAYER (ID,CREAT_DATE,ENABLED,IS_CHANNEL,NAME_LAYER,ORDER_LAYER,PUBLICIZED,SERVER_RESOURCE,UPDATE_DATE,LAYER_AUTH_ID,LAYER_FOLDER_ID,LAYER_LAYER_TYPE_ID,LAYER_USER_ID) values ('72',null,null,null,'Cons de dejecció',null,null,'http://10.136.202.75/ows/wms?',null,'1','16','1',null);
Insert into GIS_LAYER (ID,CREAT_DATE,ENABLED,IS_CHANNEL,NAME_LAYER,ORDER_LAYER,PUBLICIZED,SERVER_RESOURCE,UPDATE_DATE,LAYER_AUTH_ID,LAYER_FOLDER_ID,LAYER_LAYER_TYPE_ID,LAYER_USER_ID) values ('73',null,null,null,'Zones potencialment inundables',null,null,'http://10.136.202.75/ows/wms?',null,'1','16','1',null);
Insert into GIS_LAYER (ID,CREAT_DATE,ENABLED,IS_CHANNEL,NAME_LAYER,ORDER_LAYER,PUBLICIZED,SERVER_RESOURCE,UPDATE_DATE,LAYER_AUTH_ID,LAYER_FOLDER_ID,LAYER_LAYER_TYPE_ID,LAYER_USER_ID) values ('74',null,null,null,'Temps trànsit',null,null,'http://10.136.202.75/ows/wms?',null,'1','16','1',null);
Insert into GIS_LAYER (ID,CREAT_DATE,ENABLED,IS_CHANNEL,NAME_LAYER,ORDER_LAYER,PUBLICIZED,SERVER_RESOURCE,UPDATE_DATE,LAYER_AUTH_ID,LAYER_FOLDER_ID,LAYER_LAYER_TYPE_ID,LAYER_USER_ID) values ('75',null,null,null,'Sirenes preses',null,null,'http://10.136.202.75/ows/wms?',null,'1','16','1',null);
Insert into GIS_LAYER (ID,CREAT_DATE,ENABLED,IS_CHANNEL,NAME_LAYER,ORDER_LAYER,PUBLICIZED,SERVER_RESOURCE,UPDATE_DATE,LAYER_AUTH_ID,LAYER_FOLDER_ID,LAYER_LAYER_TYPE_ID,LAYER_USER_ID) values ('76',null,null,null,'Sirenes preses: cobertura',null,null,'http://10.136.202.75/ows/wms?',null,'1','16','1',null);
Insert into GIS_LAYER (ID,CREAT_DATE,ENABLED,IS_CHANNEL,NAME_LAYER,ORDER_LAYER,PUBLICIZED,SERVER_RESOURCE,UPDATE_DATE,LAYER_AUTH_ID,LAYER_FOLDER_ID,LAYER_LAYER_TYPE_ID,LAYER_USER_ID) values ('77',null,null,null,'Zones inundables presa Rialb',null,null,'http://10.136.202.75/ows/wms?',null,'1','16','1',null);
Insert into GIS_LAYER (ID,CREAT_DATE,ENABLED,IS_CHANNEL,NAME_LAYER,ORDER_LAYER,PUBLICIZED,SERVER_RESOURCE,UPDATE_DATE,LAYER_AUTH_ID,LAYER_FOLDER_ID,LAYER_LAYER_TYPE_ID,LAYER_USER_ID) values ('78',null,null,null,'Perill',null,null,'http://10.136.202.75/ows/wms?',null,'1','17','1',null);
Insert into GIS_LAYER (ID,CREAT_DATE,ENABLED,IS_CHANNEL,NAME_LAYER,ORDER_LAYER,PUBLICIZED,SERVER_RESOURCE,UPDATE_DATE,LAYER_AUTH_ID,LAYER_FOLDER_ID,LAYER_LAYER_TYPE_ID,LAYER_USER_ID) values ('79',null,null,null,'Vulnerabilitat',null,null,'http://10.136.202.75/ows/wms?',null,'1','17','1',null);
Insert into GIS_LAYER (ID,CREAT_DATE,ENABLED,IS_CHANNEL,NAME_LAYER,ORDER_LAYER,PUBLICIZED,SERVER_RESOURCE,UPDATE_DATE,LAYER_AUTH_ID,LAYER_FOLDER_ID,LAYER_LAYER_TYPE_ID,LAYER_USER_ID) values ('80',null,null,null,'Instal·lacions gas',null,null,'http://10.136.202.75/ows/wms?',null,'1','18','1',null);
Insert into GIS_LAYER (ID,CREAT_DATE,ENABLED,IS_CHANNEL,NAME_LAYER,ORDER_LAYER,PUBLICIZED,SERVER_RESOURCE,UPDATE_DATE,LAYER_AUTH_ID,LAYER_FOLDER_ID,LAYER_LAYER_TYPE_ID,LAYER_USER_ID) values ('81',null,null,null,'Subestacions elèctriques',null,null,'http://10.136.202.75/ows/wms?',null,'1','18','1',null);
Insert into GIS_LAYER (ID,CREAT_DATE,ENABLED,IS_CHANNEL,NAME_LAYER,ORDER_LAYER,PUBLICIZED,SERVER_RESOURCE,UPDATE_DATE,LAYER_AUTH_ID,LAYER_FOLDER_ID,LAYER_LAYER_TYPE_ID,LAYER_USER_ID) values ('82',null,null,null,'Vies prioritzades',null,null,'http://10.136.202.75/ows/wms?',null,'1','18','1',null);
Insert into GIS_LAYER (ID,CREAT_DATE,ENABLED,IS_CHANNEL,NAME_LAYER,ORDER_LAYER,PUBLICIZED,SERVER_RESOURCE,UPDATE_DATE,LAYER_AUTH_ID,LAYER_FOLDER_ID,LAYER_LAYER_TYPE_ID,LAYER_USER_ID) values ('83',null,null,null,'Intensitat',null,null,'http://10.136.202.75/ows/wms?',null,'1','19','1',null);
Insert into GIS_LAYER (ID,CREAT_DATE,ENABLED,IS_CHANNEL,NAME_LAYER,ORDER_LAYER,PUBLICIZED,SERVER_RESOURCE,UPDATE_DATE,LAYER_AUTH_ID,LAYER_FOLDER_ID,LAYER_LAYER_TYPE_ID,LAYER_USER_ID) values ('84',null,null,null,'Zones allaus',null,null,'http://SIURANA.IGC.CAT/arcgis/services/allaus_zonesallaus/MapServer/WMSServer?',null,'1','20','1',null);
Insert into GIS_LAYER (ID,CREAT_DATE,ENABLED,IS_CHANNEL,NAME_LAYER,ORDER_LAYER,PUBLICIZED,SERVER_RESOURCE,UPDATE_DATE,LAYER_AUTH_ID,LAYER_FOLDER_ID,LAYER_LAYER_TYPE_ID,LAYER_USER_ID) values ('85',null,null,null,'Observacions d"allaus',null,null,'http://SIURANA.IGC.CAT/arcgis/services/allaus_observacions/MapServer/WMSServer?',null,'1','20','1',null);
Insert into GIS_LAYER (ID,CREAT_DATE,ENABLED,IS_CHANNEL,NAME_LAYER,ORDER_LAYER,PUBLICIZED,SERVER_RESOURCE,UPDATE_DATE,LAYER_AUTH_ID,LAYER_FOLDER_ID,LAYER_LAYER_TYPE_ID,LAYER_USER_ID) values ('86',null,null,null,'Enquesta d"allaus',null,null,'http://SIURANA.IGC.CAT/arcgis/services/allaus_enquesta/MapServer/WMSServer?',null,'1','20','1',null);
Insert into GIS_LAYER (ID,CREAT_DATE,ENABLED,IS_CHANNEL,NAME_LAYER,ORDER_LAYER,PUBLICIZED,SERVER_RESOURCE,UPDATE_DATE,LAYER_AUTH_ID,LAYER_FOLDER_ID,LAYER_LAYER_TYPE_ID,LAYER_USER_ID) values ('87',null,null,null,'r:rp',null,null,'http://10.136.202.75/ows/wfs',null,'1','24','2',null);
Insert into GIS_LAYER (ID,CREAT_DATE,ENABLED,IS_CHANNEL,NAME_LAYER,ORDER_LAYER,PUBLICIZED,SERVER_RESOURCE,UPDATE_DATE,LAYER_AUTH_ID,LAYER_FOLDER_ID,LAYER_LAYER_TYPE_ID,LAYER_USER_ID) values ('88',null,null,null,'r:rl',null,null,'http://10.136.202.75/ows/wfs',null,'1','24','2',null);
Insert into GIS_LAYER (ID,CREAT_DATE,ENABLED,IS_CHANNEL,NAME_LAYER,ORDER_LAYER,PUBLICIZED,SERVER_RESOURCE,UPDATE_DATE,LAYER_AUTH_ID,LAYER_FOLDER_ID,LAYER_LAYER_TYPE_ID,LAYER_USER_ID) values ('89',null,null,null,'r:ra',null,null,'http://10.136.202.75/ows/wfs',null,'1','24','2',null);

Insert into GIS_LAYER_PROPERTY (ID,NAME,VALUE) values ('1','layers','bt_350');
Insert into GIS_LAYER_PROPERTY (ID,NAME,VALUE) values ('2','transparent','true');
Insert into GIS_LAYER_PROPERTY (ID,NAME,VALUE) values ('3','format','image/png');
Insert into GIS_LAYER_PROPERTY (ID,NAME,VALUE) values ('4','isBaseLayer','true');
Insert into GIS_LAYER_PROPERTY (ID,NAME,VALUE) values ('5','opacity','1');
Insert into GIS_LAYER_PROPERTY (ID,NAME,VALUE) values ('6','visibility','false');
Insert into GIS_LAYER_PROPERTY (ID,NAME,VALUE) values ('7','resolutions','50,0.16,350,100,0.5,25,5,200,2,1,10');
Insert into GIS_LAYER_PROPERTY (ID,NAME,VALUE) values ('8','buffer','0');
Insert into GIS_LAYER_PROPERTY (ID,NAME,VALUE) values ('9','maxExtent','162100,4407000,546560,4848000');
Insert into GIS_LAYER_PROPERTY (ID,NAME,VALUE) values ('10','layers','pnoa');
Insert into GIS_LAYER_PROPERTY (ID,NAME,VALUE) values ('11','visiblity','true');
Insert into GIS_LAYER_PROPERTY (ID,NAME,VALUE) values ('12','transparent','true');
Insert into GIS_LAYER_PROPERTY (ID,NAME,VALUE) values ('13','format','image/png');
Insert into GIS_LAYER_PROPERTY (ID,NAME,VALUE) values ('14','isBaseLayer','true');
Insert into GIS_LAYER_PROPERTY (ID,NAME,VALUE) values ('15','opacity','1');
Insert into GIS_LAYER_PROPERTY (ID,NAME,VALUE) values ('16','buffer','0');
Insert into GIS_LAYER_PROPERTY (ID,NAME,VALUE) values ('17','maxExtent','162100,4407000,546560,4848000');
Insert into GIS_LAYER_PROPERTY (ID,NAME,VALUE) values ('18','layers','orto_350');
Insert into GIS_LAYER_PROPERTY (ID,NAME,VALUE) values ('19','transparent','true');
Insert into GIS_LAYER_PROPERTY (ID,NAME,VALUE) values ('20','format','image/png');
Insert into GIS_LAYER_PROPERTY (ID,NAME,VALUE) values ('21','isBaseLayer','true');
Insert into GIS_LAYER_PROPERTY (ID,NAME,VALUE) values ('22','visibility','false');
Insert into GIS_LAYER_PROPERTY (ID,NAME,VALUE) values ('23','opacity','1');
Insert into GIS_LAYER_PROPERTY (ID,NAME,VALUE) values ('24','resolutions','350,200,100,50,25,10,5,2,1,0.5,0.16');
Insert into GIS_LAYER_PROPERTY (ID,NAME,VALUE) values ('25','buffer','0');
Insert into GIS_LAYER_PROPERTY (ID,NAME,VALUE) values ('26','maxExtent','162100,4407000,546560,4848000');
Insert into GIS_LAYER_PROPERTY (ID,NAME,VALUE) values ('27','layers','Limit_350');
Insert into GIS_LAYER_PROPERTY (ID,NAME,VALUE) values ('28','transparent','true');
Insert into GIS_LAYER_PROPERTY (ID,NAME,VALUE) values ('29','format','image/png');
Insert into GIS_LAYER_PROPERTY (ID,NAME,VALUE) values ('30','isBaseLayer','true');
Insert into GIS_LAYER_PROPERTY (ID,NAME,VALUE) values ('31','visibility','false');
Insert into GIS_LAYER_PROPERTY (ID,NAME,VALUE) values ('32','opacity','0.5');
Insert into GIS_LAYER_PROPERTY (ID,NAME,VALUE) values ('33','resolutions','50,0.16,350,100,0.5,25,5,200,2,1,10');
Insert into GIS_LAYER_PROPERTY (ID,NAME,VALUE) values ('34','buffer','0');
Insert into GIS_LAYER_PROPERTY (ID,NAME,VALUE) values ('35','maxExtent','258000,4485000,536000,4752000');
Insert into GIS_LAYER_PROPERTY (ID,NAME,VALUE) values ('36','layers','pam_plaseqcat');
Insert into GIS_LAYER_PROPERTY (ID,NAME,VALUE) values ('37','transparent','true');
Insert into GIS_LAYER_PROPERTY (ID,NAME,VALUE) values ('38','format','image/png');
Insert into GIS_LAYER_PROPERTY (ID,NAME,VALUE) values ('39','isBaseLayer','false');
Insert into GIS_LAYER_PROPERTY (ID,NAME,VALUE) values ('40','visibility','false');
Insert into GIS_LAYER_PROPERTY (ID,NAME,VALUE) values ('41','opacity','0.4');
Insert into GIS_LAYER_PROPERTY (ID,NAME,VALUE) values ('42','buffer','0');
Insert into GIS_LAYER_PROPERTY (ID,NAME,VALUE) values ('43','layers','pam_transcat');
Insert into GIS_LAYER_PROPERTY (ID,NAME,VALUE) values ('44','transparent','true');
Insert into GIS_LAYER_PROPERTY (ID,NAME,VALUE) values ('45','format','image/png');
Insert into GIS_LAYER_PROPERTY (ID,NAME,VALUE) values ('46','isBaseLayer','false');
Insert into GIS_LAYER_PROPERTY (ID,NAME,VALUE) values ('47','visibility','false');
Insert into GIS_LAYER_PROPERTY (ID,NAME,VALUE) values ('48','opacity','0.4');
Insert into GIS_LAYER_PROPERTY (ID,NAME,VALUE) values ('49','buffer','0');
Insert into GIS_LAYER_PROPERTY (ID,NAME,VALUE) values ('50','layers','pam_sismicat');
Insert into GIS_LAYER_PROPERTY (ID,NAME,VALUE) values ('51','transparent','true');
Insert into GIS_LAYER_PROPERTY (ID,NAME,VALUE) values ('52','format','image/png');
Insert into GIS_LAYER_PROPERTY (ID,NAME,VALUE) values ('53','isBaseLayer','false');
Insert into GIS_LAYER_PROPERTY (ID,NAME,VALUE) values ('54','visibility','false');
Insert into GIS_LAYER_PROPERTY (ID,NAME,VALUE) values ('55','opacity','0.4');
Insert into GIS_LAYER_PROPERTY (ID,NAME,VALUE) values ('56','buffer','0');
Insert into GIS_LAYER_PROPERTY (ID,NAME,VALUE) values ('57','layers','pam_neucat');
Insert into GIS_LAYER_PROPERTY (ID,NAME,VALUE) values ('58','transparent','true');
Insert into GIS_LAYER_PROPERTY (ID,NAME,VALUE) values ('59','format','image/png');
Insert into GIS_LAYER_PROPERTY (ID,NAME,VALUE) values ('60','isBaseLayer','false');
Insert into GIS_LAYER_PROPERTY (ID,NAME,VALUE) values ('61','visibility','false');
Insert into GIS_LAYER_PROPERTY (ID,NAME,VALUE) values ('62','opacity','0.4');
Insert into GIS_LAYER_PROPERTY (ID,NAME,VALUE) values ('63','buffer','0');
Insert into GIS_LAYER_PROPERTY (ID,NAME,VALUE) values ('64','layers','pam_inuncat');
Insert into GIS_LAYER_PROPERTY (ID,NAME,VALUE) values ('65','transparent','true');
Insert into GIS_LAYER_PROPERTY (ID,NAME,VALUE) values ('66','format','image/png');
Insert into GIS_LAYER_PROPERTY (ID,NAME,VALUE) values ('67','isBaseLayer','false');
Insert into GIS_LAYER_PROPERTY (ID,NAME,VALUE) values ('68','visibility','false');
Insert into GIS_LAYER_PROPERTY (ID,NAME,VALUE) values ('69','opacity','0.4');
Insert into GIS_LAYER_PROPERTY (ID,NAME,VALUE) values ('70','buffer','0');
Insert into GIS_LAYER_PROPERTY (ID,NAME,VALUE) values ('71','layers','pam_infocat');
Insert into GIS_LAYER_PROPERTY (ID,NAME,VALUE) values ('72','transparent','true');
Insert into GIS_LAYER_PROPERTY (ID,NAME,VALUE) values ('73','format','image/png');
Insert into GIS_LAYER_PROPERTY (ID,NAME,VALUE) values ('74','isBaseLayer','false');
Insert into GIS_LAYER_PROPERTY (ID,NAME,VALUE) values ('75','visibility','false');
Insert into GIS_LAYER_PROPERTY (ID,NAME,VALUE) values ('76','opacity','0.4');
Insert into GIS_LAYER_PROPERTY (ID,NAME,VALUE) values ('77','buffer','0');
Insert into GIS_LAYER_PROPERTY (ID,NAME,VALUE) values ('78','layers','pam_camcat');
Insert into GIS_LAYER_PROPERTY (ID,NAME,VALUE) values ('79','transparent','true');
Insert into GIS_LAYER_PROPERTY (ID,NAME,VALUE) values ('80','format','image/png');
Insert into GIS_LAYER_PROPERTY (ID,NAME,VALUE) values ('81','isBaseLayer','false');
Insert into GIS_LAYER_PROPERTY (ID,NAME,VALUE) values ('82','visibility','false');
Insert into GIS_LAYER_PROPERTY (ID,NAME,VALUE) values ('83','opacity','0.4');
Insert into GIS_LAYER_PROPERTY (ID,NAME,VALUE) values ('84','buffer','0');
Insert into GIS_LAYER_PROPERTY (ID,NAME,VALUE) values ('85','layers','pam_aerocat');
Insert into GIS_LAYER_PROPERTY (ID,NAME,VALUE) values ('86','transparent','true');
Insert into GIS_LAYER_PROPERTY (ID,NAME,VALUE) values ('87','format','image/png');
Insert into GIS_LAYER_PROPERTY (ID,NAME,VALUE) values ('88','isBaseLayer','false');
Insert into GIS_LAYER_PROPERTY (ID,NAME,VALUE) values ('89','visibility','false');
Insert into GIS_LAYER_PROPERTY (ID,NAME,VALUE) values ('90','opacity','0.4');
Insert into GIS_LAYER_PROPERTY (ID,NAME,VALUE) values ('91','buffer','0');
Insert into GIS_LAYER_PROPERTY (ID,NAME,VALUE) values ('92','layers','pam_penta');
Insert into GIS_LAYER_PROPERTY (ID,NAME,VALUE) values ('93','transparent','true');
Insert into GIS_LAYER_PROPERTY (ID,NAME,VALUE) values ('94','format','image/png');
Insert into GIS_LAYER_PROPERTY (ID,NAME,VALUE) values ('95','isBaseLayer','false');
Insert into GIS_LAYER_PROPERTY (ID,NAME,VALUE) values ('96','visibility','false');
Insert into GIS_LAYER_PROPERTY (ID,NAME,VALUE) values ('97','opacity','0.4');
Insert into GIS_LAYER_PROPERTY (ID,NAME,VALUE) values ('98','buffer','0');
Insert into GIS_LAYER_PROPERTY (ID,NAME,VALUE) values ('99','layers','pam_radcat');
Insert into GIS_LAYER_PROPERTY (ID,NAME,VALUE) values ('100','transparent','true');
Insert into GIS_LAYER_PROPERTY (ID,NAME,VALUE) values ('101','format','image/png');
Insert into GIS_LAYER_PROPERTY (ID,NAME,VALUE) values ('102','isBaseLayer','false');
Insert into GIS_LAYER_PROPERTY (ID,NAME,VALUE) values ('103','visibility','false');
Insert into GIS_LAYER_PROPERTY (ID,NAME,VALUE) values ('104','opacity','0.4');
Insert into GIS_LAYER_PROPERTY (ID,NAME,VALUE) values ('105','buffer','0');
Insert into GIS_LAYER_PROPERTY (ID,NAME,VALUE) values ('106','layers','pam_allaucat');
Insert into GIS_LAYER_PROPERTY (ID,NAME,VALUE) values ('107','transparent','true');
Insert into GIS_LAYER_PROPERTY (ID,NAME,VALUE) values ('108','format','image/png');
Insert into GIS_LAYER_PROPERTY (ID,NAME,VALUE) values ('109','isBaseLayer','false');
Insert into GIS_LAYER_PROPERTY (ID,NAME,VALUE) values ('110','visibility','false');
Insert into GIS_LAYER_PROPERTY (ID,NAME,VALUE) values ('111','opacity','0.4');
Insert into GIS_LAYER_PROPERTY (ID,NAME,VALUE) values ('112','buffer','0');
Insert into GIS_LAYER_PROPERTY (ID,NAME,VALUE) values ('113','layers','pbem_aerocat');
Insert into GIS_LAYER_PROPERTY (ID,NAME,VALUE) values ('114','transparent','true');
Insert into GIS_LAYER_PROPERTY (ID,NAME,VALUE) values ('115','format','image/png');
Insert into GIS_LAYER_PROPERTY (ID,NAME,VALUE) values ('116','isBaseLayer','false');
Insert into GIS_LAYER_PROPERTY (ID,NAME,VALUE) values ('117','visibility','false');
Insert into GIS_LAYER_PROPERTY (ID,NAME,VALUE) values ('118','opacity','0.4');
Insert into GIS_LAYER_PROPERTY (ID,NAME,VALUE) values ('119','buffer','0');
Insert into GIS_LAYER_PROPERTY (ID,NAME,VALUE) values ('120','layers','pbem_ferrocat');
Insert into GIS_LAYER_PROPERTY (ID,NAME,VALUE) values ('121','transparent','true');
Insert into GIS_LAYER_PROPERTY (ID,NAME,VALUE) values ('122','format','image/png');
Insert into GIS_LAYER_PROPERTY (ID,NAME,VALUE) values ('123','isBaseLayer','false');
Insert into GIS_LAYER_PROPERTY (ID,NAME,VALUE) values ('124','visibility','false');
Insert into GIS_LAYER_PROPERTY (ID,NAME,VALUE) values ('125','opacity','0.4');
Insert into GIS_LAYER_PROPERTY (ID,NAME,VALUE) values ('126','buffer','0');
Insert into GIS_LAYER_PROPERTY (ID,NAME,VALUE) values ('127','layers','pbem_procicat');
Insert into GIS_LAYER_PROPERTY (ID,NAME,VALUE) values ('128','transparent','true');
Insert into GIS_LAYER_PROPERTY (ID,NAME,VALUE) values ('129','format','image/png');
Insert into GIS_LAYER_PROPERTY (ID,NAME,VALUE) values ('130','isBaseLayer','false');
Insert into GIS_LAYER_PROPERTY (ID,NAME,VALUE) values ('131','visibility','false');
Insert into GIS_LAYER_PROPERTY (ID,NAME,VALUE) values ('132','opacity','0.4');
Insert into GIS_LAYER_PROPERTY (ID,NAME,VALUE) values ('133','buffer','0');
Insert into GIS_LAYER_PROPERTY (ID,NAME,VALUE) values ('134','layers','pam_plaseqcat');
Insert into GIS_LAYER_PROPERTY (ID,NAME,VALUE) values ('135','transparent','true');
Insert into GIS_LAYER_PROPERTY (ID,NAME,VALUE) values ('136','format','image/png');
Insert into GIS_LAYER_PROPERTY (ID,NAME,VALUE) values ('137','isBaseLayer','false');
Insert into GIS_LAYER_PROPERTY (ID,NAME,VALUE) values ('138','visibility','false');
Insert into GIS_LAYER_PROPERTY (ID,NAME,VALUE) values ('139','opacity','0.4');
Insert into GIS_LAYER_PROPERTY (ID,NAME,VALUE) values ('140','buffer','0');
Insert into GIS_LAYER_PROPERTY (ID,NAME,VALUE) values ('141','layers','pam_transcat');
Insert into GIS_LAYER_PROPERTY (ID,NAME,VALUE) values ('142','transparent','true');
Insert into GIS_LAYER_PROPERTY (ID,NAME,VALUE) values ('143','format','image/png');
Insert into GIS_LAYER_PROPERTY (ID,NAME,VALUE) values ('144','isBaseLayer','false');
Insert into GIS_LAYER_PROPERTY (ID,NAME,VALUE) values ('145','visibility','false');
Insert into GIS_LAYER_PROPERTY (ID,NAME,VALUE) values ('146','opacity','0.4');
Insert into GIS_LAYER_PROPERTY (ID,NAME,VALUE) values ('147','buffer','0');
Insert into GIS_LAYER_PROPERTY (ID,NAME,VALUE) values ('148','layers','pam_sismicat');
Insert into GIS_LAYER_PROPERTY (ID,NAME,VALUE) values ('149','transparent','true');
Insert into GIS_LAYER_PROPERTY (ID,NAME,VALUE) values ('150','format','image/png');
Insert into GIS_LAYER_PROPERTY (ID,NAME,VALUE) values ('151','isBaseLayer','false');
Insert into GIS_LAYER_PROPERTY (ID,NAME,VALUE) values ('152','visibility','false');
Insert into GIS_LAYER_PROPERTY (ID,NAME,VALUE) values ('153','opacity','0.4');
Insert into GIS_LAYER_PROPERTY (ID,NAME,VALUE) values ('154','buffer','0');
Insert into GIS_LAYER_PROPERTY (ID,NAME,VALUE) values ('155','layers','pam_neucat');
Insert into GIS_LAYER_PROPERTY (ID,NAME,VALUE) values ('156','transparent','true');
Insert into GIS_LAYER_PROPERTY (ID,NAME,VALUE) values ('157','format','image/png');
Insert into GIS_LAYER_PROPERTY (ID,NAME,VALUE) values ('158','isBaseLayer','false');
Insert into GIS_LAYER_PROPERTY (ID,NAME,VALUE) values ('159','visibility','false');
Insert into GIS_LAYER_PROPERTY (ID,NAME,VALUE) values ('160','opacity','0.4');
Insert into GIS_LAYER_PROPERTY (ID,NAME,VALUE) values ('161','buffer','0');
Insert into GIS_LAYER_PROPERTY (ID,NAME,VALUE) values ('162','layers','pam_inuncat');
Insert into GIS_LAYER_PROPERTY (ID,NAME,VALUE) values ('163','transparent','true');
Insert into GIS_LAYER_PROPERTY (ID,NAME,VALUE) values ('164','format','image/png');
Insert into GIS_LAYER_PROPERTY (ID,NAME,VALUE) values ('165','isBaseLayer','false');
Insert into GIS_LAYER_PROPERTY (ID,NAME,VALUE) values ('166','visibility','false');
Insert into GIS_LAYER_PROPERTY (ID,NAME,VALUE) values ('167','opacity','0.4');
Insert into GIS_LAYER_PROPERTY (ID,NAME,VALUE) values ('168','buffer','0');
Insert into GIS_LAYER_PROPERTY (ID,NAME,VALUE) values ('169','layers','pam_infocat');
Insert into GIS_LAYER_PROPERTY (ID,NAME,VALUE) values ('170','transparent','true');
Insert into GIS_LAYER_PROPERTY (ID,NAME,VALUE) values ('171','format','image/png');
Insert into GIS_LAYER_PROPERTY (ID,NAME,VALUE) values ('172','isBaseLayer','false');
Insert into GIS_LAYER_PROPERTY (ID,NAME,VALUE) values ('173','visibility','false');
Insert into GIS_LAYER_PROPERTY (ID,NAME,VALUE) values ('174','opacity','0.4');
Insert into GIS_LAYER_PROPERTY (ID,NAME,VALUE) values ('175','buffer','0');
Insert into GIS_LAYER_PROPERTY (ID,NAME,VALUE) values ('176','layers','pam_camcat');
Insert into GIS_LAYER_PROPERTY (ID,NAME,VALUE) values ('177','transparent','true');
Insert into GIS_LAYER_PROPERTY (ID,NAME,VALUE) values ('178','format','image/png');
Insert into GIS_LAYER_PROPERTY (ID,NAME,VALUE) values ('179','isBaseLayer','false');
Insert into GIS_LAYER_PROPERTY (ID,NAME,VALUE) values ('180','visibility','false');
Insert into GIS_LAYER_PROPERTY (ID,NAME,VALUE) values ('181','opacity','0.4');
Insert into GIS_LAYER_PROPERTY (ID,NAME,VALUE) values ('182','buffer','0');
Insert into GIS_LAYER_PROPERTY (ID,NAME,VALUE) values ('183','layers','pam_aerocat');
Insert into GIS_LAYER_PROPERTY (ID,NAME,VALUE) values ('184','transparent','true');
Insert into GIS_LAYER_PROPERTY (ID,NAME,VALUE) values ('185','format','image/png');
Insert into GIS_LAYER_PROPERTY (ID,NAME,VALUE) values ('186','isBaseLayer','false');
Insert into GIS_LAYER_PROPERTY (ID,NAME,VALUE) values ('187','visibility','false');
Insert into GIS_LAYER_PROPERTY (ID,NAME,VALUE) values ('188','opacity','0.4');
Insert into GIS_LAYER_PROPERTY (ID,NAME,VALUE) values ('189','buffer','0');
Insert into GIS_LAYER_PROPERTY (ID,NAME,VALUE) values ('190','layers','pam_penta');
Insert into GIS_LAYER_PROPERTY (ID,NAME,VALUE) values ('191','transparent','true');
Insert into GIS_LAYER_PROPERTY (ID,NAME,VALUE) values ('192','format','image/png');
Insert into GIS_LAYER_PROPERTY (ID,NAME,VALUE) values ('193','isBaseLayer','false');
Insert into GIS_LAYER_PROPERTY (ID,NAME,VALUE) values ('194','visibility','false');
Insert into GIS_LAYER_PROPERTY (ID,NAME,VALUE) values ('195','opacity','0.4');
Insert into GIS_LAYER_PROPERTY (ID,NAME,VALUE) values ('196','buffer','0');
Insert into GIS_LAYER_PROPERTY (ID,NAME,VALUE) values ('197','layers','pam_radcat');
Insert into GIS_LAYER_PROPERTY (ID,NAME,VALUE) values ('198','transparent','true');
Insert into GIS_LAYER_PROPERTY (ID,NAME,VALUE) values ('199','format','image/png');
Insert into GIS_LAYER_PROPERTY (ID,NAME,VALUE) values ('200','isBaseLayer','false');
Insert into GIS_LAYER_PROPERTY (ID,NAME,VALUE) values ('201','visibility','false');
Insert into GIS_LAYER_PROPERTY (ID,NAME,VALUE) values ('202','opacity','0.4');
Insert into GIS_LAYER_PROPERTY (ID,NAME,VALUE) values ('203','buffer','0');
Insert into GIS_LAYER_PROPERTY (ID,NAME,VALUE) values ('204','layers','pam_allaucat');
Insert into GIS_LAYER_PROPERTY (ID,NAME,VALUE) values ('205','transparent','true');
Insert into GIS_LAYER_PROPERTY (ID,NAME,VALUE) values ('206','format','image/png');
Insert into GIS_LAYER_PROPERTY (ID,NAME,VALUE) values ('207','isBaseLayer','false');
Insert into GIS_LAYER_PROPERTY (ID,NAME,VALUE) values ('208','visibility','false');
Insert into GIS_LAYER_PROPERTY (ID,NAME,VALUE) values ('209','opacity','0.4');
Insert into GIS_LAYER_PROPERTY (ID,NAME,VALUE) values ('210','buffer','0');
Insert into GIS_LAYER_PROPERTY (ID,NAME,VALUE) values ('211','layers','pbem_aerocat');
Insert into GIS_LAYER_PROPERTY (ID,NAME,VALUE) values ('212','transparent','true');
Insert into GIS_LAYER_PROPERTY (ID,NAME,VALUE) values ('213','format','image/png');
Insert into GIS_LAYER_PROPERTY (ID,NAME,VALUE) values ('214','isBaseLayer','false');
Insert into GIS_LAYER_PROPERTY (ID,NAME,VALUE) values ('215','visibility','false');
Insert into GIS_LAYER_PROPERTY (ID,NAME,VALUE) values ('216','opacity','0.4');
Insert into GIS_LAYER_PROPERTY (ID,NAME,VALUE) values ('217','buffer','0');
Insert into GIS_LAYER_PROPERTY (ID,NAME,VALUE) values ('218','layers','pbem_ferrocat');
Insert into GIS_LAYER_PROPERTY (ID,NAME,VALUE) values ('219','transparent','true');
Insert into GIS_LAYER_PROPERTY (ID,NAME,VALUE) values ('220','format','image/png');
Insert into GIS_LAYER_PROPERTY (ID,NAME,VALUE) values ('221','isBaseLayer','false');
Insert into GIS_LAYER_PROPERTY (ID,NAME,VALUE) values ('222','visibility','false');
Insert into GIS_LAYER_PROPERTY (ID,NAME,VALUE) values ('223','opacity','0.4');
Insert into GIS_LAYER_PROPERTY (ID,NAME,VALUE) values ('224','buffer','0');
Insert into GIS_LAYER_PROPERTY (ID,NAME,VALUE) values ('225','layers','pbem_procicat');
Insert into GIS_LAYER_PROPERTY (ID,NAME,VALUE) values ('226','transparent','true');
Insert into GIS_LAYER_PROPERTY (ID,NAME,VALUE) values ('227','format','image/png');
Insert into GIS_LAYER_PROPERTY (ID,NAME,VALUE) values ('228','isBaseLayer','false');
Insert into GIS_LAYER_PROPERTY (ID,NAME,VALUE) values ('229','visibility','false');
Insert into GIS_LAYER_PROPERTY (ID,NAME,VALUE) values ('230','opacity','0.4');
Insert into GIS_LAYER_PROPERTY (ID,NAME,VALUE) values ('231','buffer','0');
Insert into GIS_LAYER_PROPERTY (ID,NAME,VALUE) values ('232','layers','s:ef');
Insert into GIS_LAYER_PROPERTY (ID,NAME,VALUE) values ('233','transparent','true');
Insert into GIS_LAYER_PROPERTY (ID,NAME,VALUE) values ('234','format','image/png');
Insert into GIS_LAYER_PROPERTY (ID,NAME,VALUE) values ('235','isBaseLayer','false');
Insert into GIS_LAYER_PROPERTY (ID,NAME,VALUE) values ('236','visibility','false');
Insert into GIS_LAYER_PROPERTY (ID,NAME,VALUE) values ('237','opacity','0.4');
Insert into GIS_LAYER_PROPERTY (ID,NAME,VALUE) values ('238','buffer','0');
Insert into GIS_LAYER_PROPERTY (ID,NAME,VALUE) values ('239','layers','s:tf');
Insert into GIS_LAYER_PROPERTY (ID,NAME,VALUE) values ('240','transparent','true');
Insert into GIS_LAYER_PROPERTY (ID,NAME,VALUE) values ('241','format','image/png');
Insert into GIS_LAYER_PROPERTY (ID,NAME,VALUE) values ('242','isBaseLayer','false');
Insert into GIS_LAYER_PROPERTY (ID,NAME,VALUE) values ('243','visibility','false');
Insert into GIS_LAYER_PROPERTY (ID,NAME,VALUE) values ('244','opacity','0.4');
Insert into GIS_LAYER_PROPERTY (ID,NAME,VALUE) values ('245','buffer','0');
Insert into GIS_LAYER_PROPERTY (ID,NAME,VALUE) values ('246','layers','s:lf');
Insert into GIS_LAYER_PROPERTY (ID,NAME,VALUE) values ('247','transparent','true');
Insert into GIS_LAYER_PROPERTY (ID,NAME,VALUE) values ('248','format','image/png');
Insert into GIS_LAYER_PROPERTY (ID,NAME,VALUE) values ('249','isBaseLayer','false');
Insert into GIS_LAYER_PROPERTY (ID,NAME,VALUE) values ('250','visibility','false');
Insert into GIS_LAYER_PROPERTY (ID,NAME,VALUE) values ('251','opacity','0.4');
Insert into GIS_LAYER_PROPERTY (ID,NAME,VALUE) values ('252','buffer','0');
Insert into GIS_LAYER_PROPERTY (ID,NAME,VALUE) values ('253','layers','instalacions_aero');
Insert into GIS_LAYER_PROPERTY (ID,NAME,VALUE) values ('254','transparent','true');
Insert into GIS_LAYER_PROPERTY (ID,NAME,VALUE) values ('255','format','image/png');
Insert into GIS_LAYER_PROPERTY (ID,NAME,VALUE) values ('256','isBaseLayer','false');
Insert into GIS_LAYER_PROPERTY (ID,NAME,VALUE) values ('257','visibility','false');
Insert into GIS_LAYER_PROPERTY (ID,NAME,VALUE) values ('258','opacity','0.4');
Insert into GIS_LAYER_PROPERTY (ID,NAME,VALUE) values ('259','buffer','0');
Insert into GIS_LAYER_PROPERTY (ID,NAME,VALUE) values ('260','layers','probablilitat_impacte');
Insert into GIS_LAYER_PROPERTY (ID,NAME,VALUE) values ('261','transparent','true');
Insert into GIS_LAYER_PROPERTY (ID,NAME,VALUE) values ('262','format','image/png');
Insert into GIS_LAYER_PROPERTY (ID,NAME,VALUE) values ('263','isBaseLayer','false');
Insert into GIS_LAYER_PROPERTY (ID,NAME,VALUE) values ('264','visibility','false');
Insert into GIS_LAYER_PROPERTY (ID,NAME,VALUE) values ('265','opacity','0.4');
Insert into GIS_LAYER_PROPERTY (ID,NAME,VALUE) values ('266','buffer','0');
Insert into GIS_LAYER_PROPERTY (ID,NAME,VALUE) values ('267','layers','s:ei');
Insert into GIS_LAYER_PROPERTY (ID,NAME,VALUE) values ('268','transparent','true');
Insert into GIS_LAYER_PROPERTY (ID,NAME,VALUE) values ('269','format','image/png');
Insert into GIS_LAYER_PROPERTY (ID,NAME,VALUE) values ('270','isBaseLayer','false');
Insert into GIS_LAYER_PROPERTY (ID,NAME,VALUE) values ('271','visibility','false');
Insert into GIS_LAYER_PROPERTY (ID,NAME,VALUE) values ('272','opacity','0.4');
Insert into GIS_LAYER_PROPERTY (ID,NAME,VALUE) values ('273','buffer','0');
Insert into GIS_LAYER_PROPERTY (ID,NAME,VALUE) values ('274','layers','perímetre de les instal·lacions');
Insert into GIS_LAYER_PROPERTY (ID,NAME,VALUE) values ('275','transparent','true');
Insert into GIS_LAYER_PROPERTY (ID,NAME,VALUE) values ('276','format','image/png');
Insert into GIS_LAYER_PROPERTY (ID,NAME,VALUE) values ('277','isBaseLayer','false');
Insert into GIS_LAYER_PROPERTY (ID,NAME,VALUE) values ('278','visibility','false');
Insert into GIS_LAYER_PROPERTY (ID,NAME,VALUE) values ('279','opacity','0.4');
Insert into GIS_LAYER_PROPERTY (ID,NAME,VALUE) values ('280','buffer','0');
Insert into GIS_LAYER_PROPERTY (ID,NAME,VALUE) values ('281','layers','zi_za_maximes');
Insert into GIS_LAYER_PROPERTY (ID,NAME,VALUE) values ('282','transparent','true');
Insert into GIS_LAYER_PROPERTY (ID,NAME,VALUE) values ('283','format','image/png');
Insert into GIS_LAYER_PROPERTY (ID,NAME,VALUE) values ('284','isBaseLayer','false');
Insert into GIS_LAYER_PROPERTY (ID,NAME,VALUE) values ('285','visibility','false');
Insert into GIS_LAYER_PROPERTY (ID,NAME,VALUE) values ('286','opacity','0.4');
Insert into GIS_LAYER_PROPERTY (ID,NAME,VALUE) values ('287','buffer','0');
Insert into GIS_LAYER_PROPERTY (ID,NAME,VALUE) values ('288','layers','sirenes');
Insert into GIS_LAYER_PROPERTY (ID,NAME,VALUE) values ('289','transparent','true');
Insert into GIS_LAYER_PROPERTY (ID,NAME,VALUE) values ('290','format','image/png');
Insert into GIS_LAYER_PROPERTY (ID,NAME,VALUE) values ('291','isBaseLayer','false');
Insert into GIS_LAYER_PROPERTY (ID,NAME,VALUE) values ('292','visibility','false');
Insert into GIS_LAYER_PROPERTY (ID,NAME,VALUE) values ('293','opacity','0.4');
Insert into GIS_LAYER_PROPERTY (ID,NAME,VALUE) values ('294','buffer','0');
Insert into GIS_LAYER_PROPERTY (ID,NAME,VALUE) values ('295','layers','sirenes_cobertura');
Insert into GIS_LAYER_PROPERTY (ID,NAME,VALUE) values ('296','transparent','true');
Insert into GIS_LAYER_PROPERTY (ID,NAME,VALUE) values ('297','format','image/png');
Insert into GIS_LAYER_PROPERTY (ID,NAME,VALUE) values ('298','isBaseLayer','false');
Insert into GIS_LAYER_PROPERTY (ID,NAME,VALUE) values ('299','visibility','false');
Insert into GIS_LAYER_PROPERTY (ID,NAME,VALUE) values ('300','opacity','0.4');
Insert into GIS_LAYER_PROPERTY (ID,NAME,VALUE) values ('301','buffer','0');
Insert into GIS_LAYER_PROPERTY (ID,NAME,VALUE) values ('302','layers','zones evacuacio');
Insert into GIS_LAYER_PROPERTY (ID,NAME,VALUE) values ('303','transparent','true');
Insert into GIS_LAYER_PROPERTY (ID,NAME,VALUE) values ('304','format','image/png');
Insert into GIS_LAYER_PROPERTY (ID,NAME,VALUE) values ('305','isBaseLayer','false');
Insert into GIS_LAYER_PROPERTY (ID,NAME,VALUE) values ('306','visibility','false');
Insert into GIS_LAYER_PROPERTY (ID,NAME,VALUE) values ('307','opacity','0.4');
Insert into GIS_LAYER_PROPERTY (ID,NAME,VALUE) values ('308','buffer','0');
Insert into GIS_LAYER_PROPERTY (ID,NAME,VALUE) values ('309','layers','zones confinamet general');
Insert into GIS_LAYER_PROPERTY (ID,NAME,VALUE) values ('310','transparent','true');
Insert into GIS_LAYER_PROPERTY (ID,NAME,VALUE) values ('311','format','image/png');
Insert into GIS_LAYER_PROPERTY (ID,NAME,VALUE) values ('312','isBaseLayer','false');
Insert into GIS_LAYER_PROPERTY (ID,NAME,VALUE) values ('313','visibility','false');
Insert into GIS_LAYER_PROPERTY (ID,NAME,VALUE) values ('314','opacity','0.4');
Insert into GIS_LAYER_PROPERTY (ID,NAME,VALUE) values ('315','buffer','0');
Insert into GIS_LAYER_PROPERTY (ID,NAME,VALUE) values ('316','layers','zones indefensió autoprotecció');
Insert into GIS_LAYER_PROPERTY (ID,NAME,VALUE) values ('317','transparent','true');
Insert into GIS_LAYER_PROPERTY (ID,NAME,VALUE) values ('318','format','image/png');
Insert into GIS_LAYER_PROPERTY (ID,NAME,VALUE) values ('319','isBaseLayer','false');
Insert into GIS_LAYER_PROPERTY (ID,NAME,VALUE) values ('320','visibility','false');
Insert into GIS_LAYER_PROPERTY (ID,NAME,VALUE) values ('321','opacity','0.4');
Insert into GIS_LAYER_PROPERTY (ID,NAME,VALUE) values ('322','buffer','0');
Insert into GIS_LAYER_PROPERTY (ID,NAME,VALUE) values ('323','layers','zones intensitat límit');
Insert into GIS_LAYER_PROPERTY (ID,NAME,VALUE) values ('324','transparent','true');
Insert into GIS_LAYER_PROPERTY (ID,NAME,VALUE) values ('325','format','image/png');
Insert into GIS_LAYER_PROPERTY (ID,NAME,VALUE) values ('326','isBaseLayer','false');
Insert into GIS_LAYER_PROPERTY (ID,NAME,VALUE) values ('327','visibility','false');
Insert into GIS_LAYER_PROPERTY (ID,NAME,VALUE) values ('328','opacity','0.4');
Insert into GIS_LAYER_PROPERTY (ID,NAME,VALUE) values ('329','buffer','0');
Insert into GIS_LAYER_PROPERTY (ID,NAME,VALUE) values ('330','layers','transcat_viari');
Insert into GIS_LAYER_PROPERTY (ID,NAME,VALUE) values ('331','transparent','true');
Insert into GIS_LAYER_PROPERTY (ID,NAME,VALUE) values ('332','format','image/png');
Insert into GIS_LAYER_PROPERTY (ID,NAME,VALUE) values ('333','isBaseLayer','false');
Insert into GIS_LAYER_PROPERTY (ID,NAME,VALUE) values ('334','visibility','false');
Insert into GIS_LAYER_PROPERTY (ID,NAME,VALUE) values ('335','opacity','0.4');
Insert into GIS_LAYER_PROPERTY (ID,NAME,VALUE) values ('336','buffer','0');
Insert into GIS_LAYER_PROPERTY (ID,NAME,VALUE) values ('337','layers','transcat_ferrocarril');
Insert into GIS_LAYER_PROPERTY (ID,NAME,VALUE) values ('338','transparent','true');
Insert into GIS_LAYER_PROPERTY (ID,NAME,VALUE) values ('339','format','image/png');
Insert into GIS_LAYER_PROPERTY (ID,NAME,VALUE) values ('340','isBaseLayer','false');
Insert into GIS_LAYER_PROPERTY (ID,NAME,VALUE) values ('341','visibility','false');
Insert into GIS_LAYER_PROPERTY (ID,NAME,VALUE) values ('342','opacity','0.4');
Insert into GIS_LAYER_PROPERTY (ID,NAME,VALUE) values ('343','buffer','0');
Insert into GIS_LAYER_PROPERTY (ID,NAME,VALUE) values ('344','layers','ZIEA_transcat');
Insert into GIS_LAYER_PROPERTY (ID,NAME,VALUE) values ('345','transparent','true');
Insert into GIS_LAYER_PROPERTY (ID,NAME,VALUE) values ('346','format','image/png');
Insert into GIS_LAYER_PROPERTY (ID,NAME,VALUE) values ('347','isBaseLayer','false');
Insert into GIS_LAYER_PROPERTY (ID,NAME,VALUE) values ('348','visibility','false');
Insert into GIS_LAYER_PROPERTY (ID,NAME,VALUE) values ('349','opacity','0.4');
Insert into GIS_LAYER_PROPERTY (ID,NAME,VALUE) values ('350','buffer','0');
Insert into GIS_LAYER_PROPERTY (ID,NAME,VALUE) values ('351','layers','munis_oleo');
Insert into GIS_LAYER_PROPERTY (ID,NAME,VALUE) values ('352','transparent','true');
Insert into GIS_LAYER_PROPERTY (ID,NAME,VALUE) values ('353','format','image/png');
Insert into GIS_LAYER_PROPERTY (ID,NAME,VALUE) values ('354','isBaseLayer','false');
Insert into GIS_LAYER_PROPERTY (ID,NAME,VALUE) values ('355','visibility','false');
Insert into GIS_LAYER_PROPERTY (ID,NAME,VALUE) values ('356','opacity','0.4');
Insert into GIS_LAYER_PROPERTY (ID,NAME,VALUE) values ('357','buffer','0');
Insert into GIS_LAYER_PROPERTY (ID,NAME,VALUE) values ('358','layers','munis_etileno');
Insert into GIS_LAYER_PROPERTY (ID,NAME,VALUE) values ('359','transparent','true');
Insert into GIS_LAYER_PROPERTY (ID,NAME,VALUE) values ('360','format','image/png');
Insert into GIS_LAYER_PROPERTY (ID,NAME,VALUE) values ('361','isBaseLayer','false');
Insert into GIS_LAYER_PROPERTY (ID,NAME,VALUE) values ('362','visibility','false');
Insert into GIS_LAYER_PROPERTY (ID,NAME,VALUE) values ('363','opacity','0.4');
Insert into GIS_LAYER_PROPERTY (ID,NAME,VALUE) values ('364','buffer','0');
Insert into GIS_LAYER_PROPERTY (ID,NAME,VALUE) values ('365','layers','munis_gaso_operatiu');
Insert into GIS_LAYER_PROPERTY (ID,NAME,VALUE) values ('366','transparent','true');
Insert into GIS_LAYER_PROPERTY (ID,NAME,VALUE) values ('367','format','image/png');
Insert into GIS_LAYER_PROPERTY (ID,NAME,VALUE) values ('368','isBaseLayer','false');
Insert into GIS_LAYER_PROPERTY (ID,NAME,VALUE) values ('369','visibility','false');
Insert into GIS_LAYER_PROPERTY (ID,NAME,VALUE) values ('370','opacity','0.4');
Insert into GIS_LAYER_PROPERTY (ID,NAME,VALUE) values ('371','buffer','0');
Insert into GIS_LAYER_PROPERTY (ID,NAME,VALUE) values ('372','layers','etilenoducte_vinilis');
Insert into GIS_LAYER_PROPERTY (ID,NAME,VALUE) values ('373','transparent','true');
Insert into GIS_LAYER_PROPERTY (ID,NAME,VALUE) values ('374','format','image/png');
Insert into GIS_LAYER_PROPERTY (ID,NAME,VALUE) values ('375','isBaseLayer','false');
Insert into GIS_LAYER_PROPERTY (ID,NAME,VALUE) values ('376','visibility','false');
Insert into GIS_LAYER_PROPERTY (ID,NAME,VALUE) values ('377','opacity','0.4');
Insert into GIS_LAYER_PROPERTY (ID,NAME,VALUE) values ('378','buffer','0');
Insert into GIS_LAYER_PROPERTY (ID,NAME,VALUE) values ('379','layers','oleoductes_CLH');
Insert into GIS_LAYER_PROPERTY (ID,NAME,VALUE) values ('380','transparent','true');
Insert into GIS_LAYER_PROPERTY (ID,NAME,VALUE) values ('381','format','image/png');
Insert into GIS_LAYER_PROPERTY (ID,NAME,VALUE) values ('382','isBaseLayer','false');
Insert into GIS_LAYER_PROPERTY (ID,NAME,VALUE) values ('383','visibility','false');
Insert into GIS_LAYER_PROPERTY (ID,NAME,VALUE) values ('384','opacity','0.4');
Insert into GIS_LAYER_PROPERTY (ID,NAME,VALUE) values ('385','buffer','0');
Insert into GIS_LAYER_PROPERTY (ID,NAME,VALUE) values ('386','layers','gasoductes_enagas');
Insert into GIS_LAYER_PROPERTY (ID,NAME,VALUE) values ('387','transparent','true');
Insert into GIS_LAYER_PROPERTY (ID,NAME,VALUE) values ('388','format','image/png');
Insert into GIS_LAYER_PROPERTY (ID,NAME,VALUE) values ('389','isBaseLayer','false');
Insert into GIS_LAYER_PROPERTY (ID,NAME,VALUE) values ('390','visibility','false');
Insert into GIS_LAYER_PROPERTY (ID,NAME,VALUE) values ('391','opacity','0.4');
Insert into GIS_LAYER_PROPERTY (ID,NAME,VALUE) values ('392','buffer','0');
Insert into GIS_LAYER_PROPERTY (ID,NAME,VALUE) values ('393','layers','zones_emergencia_nuclear');
Insert into GIS_LAYER_PROPERTY (ID,NAME,VALUE) values ('394','transparent','true');
Insert into GIS_LAYER_PROPERTY (ID,NAME,VALUE) values ('395','format','image/png');
Insert into GIS_LAYER_PROPERTY (ID,NAME,VALUE) values ('396','isBaseLayer','false');
Insert into GIS_LAYER_PROPERTY (ID,NAME,VALUE) values ('397','visibility','false');
Insert into GIS_LAYER_PROPERTY (ID,NAME,VALUE) values ('398','opacity','0.4');
Insert into GIS_LAYER_PROPERTY (ID,NAME,VALUE) values ('399','buffer','0');
Insert into GIS_LAYER_PROPERTY (ID,NAME,VALUE) values ('400','layers','munis_inst_radioactives');
Insert into GIS_LAYER_PROPERTY (ID,NAME,VALUE) values ('401','transparent','true');
Insert into GIS_LAYER_PROPERTY (ID,NAME,VALUE) values ('402','format','image/png');
Insert into GIS_LAYER_PROPERTY (ID,NAME,VALUE) values ('403','isBaseLayer','false');
Insert into GIS_LAYER_PROPERTY (ID,NAME,VALUE) values ('404','visibility','false');
Insert into GIS_LAYER_PROPERTY (ID,NAME,VALUE) values ('405','opacity','0.4');
Insert into GIS_LAYER_PROPERTY (ID,NAME,VALUE) values ('406','buffer','0');
Insert into GIS_LAYER_PROPERTY (ID,NAME,VALUE) values ('407','layers','munis_inst_vigilancia_radio');
Insert into GIS_LAYER_PROPERTY (ID,NAME,VALUE) values ('408','transparent','true');
Insert into GIS_LAYER_PROPERTY (ID,NAME,VALUE) values ('409','format','image/png');
Insert into GIS_LAYER_PROPERTY (ID,NAME,VALUE) values ('410','isBaseLayer','false');
Insert into GIS_LAYER_PROPERTY (ID,NAME,VALUE) values ('411','visibility','false');
Insert into GIS_LAYER_PROPERTY (ID,NAME,VALUE) values ('412','opacity','0.4');
Insert into GIS_LAYER_PROPERTY (ID,NAME,VALUE) values ('413','buffer','0');
Insert into GIS_LAYER_PROPERTY (ID,NAME,VALUE) values ('414','layers','munis_inst_vigilancia_radio');
Insert into GIS_LAYER_PROPERTY (ID,NAME,VALUE) values ('415','transparent','true');
Insert into GIS_LAYER_PROPERTY (ID,NAME,VALUE) values ('416','format','image/png');
Insert into GIS_LAYER_PROPERTY (ID,NAME,VALUE) values ('417','isBaseLayer','false');
Insert into GIS_LAYER_PROPERTY (ID,NAME,VALUE) values ('418','visibility','false');
Insert into GIS_LAYER_PROPERTY (ID,NAME,VALUE) values ('419','opacity','0.4');
Insert into GIS_LAYER_PROPERTY (ID,NAME,VALUE) values ('420','buffer','0');
Insert into GIS_LAYER_PROPERTY (ID,NAME,VALUE) values ('421','layers','munis_zones_1km2km');
Insert into GIS_LAYER_PROPERTY (ID,NAME,VALUE) values ('422','transparent','true');
Insert into GIS_LAYER_PROPERTY (ID,NAME,VALUE) values ('423','format','image/png');
Insert into GIS_LAYER_PROPERTY (ID,NAME,VALUE) values ('424','isBaseLayer','false');
Insert into GIS_LAYER_PROPERTY (ID,NAME,VALUE) values ('425','visibility','false');
Insert into GIS_LAYER_PROPERTY (ID,NAME,VALUE) values ('426','opacity','0.4');
Insert into GIS_LAYER_PROPERTY (ID,NAME,VALUE) values ('427','buffer','0');
Insert into GIS_LAYER_PROPERTY (ID,NAME,VALUE) values ('428','layers','munis_xvambiental');
Insert into GIS_LAYER_PROPERTY (ID,NAME,VALUE) values ('429','transparent','true');
Insert into GIS_LAYER_PROPERTY (ID,NAME,VALUE) values ('430','format','image/png');
Insert into GIS_LAYER_PROPERTY (ID,NAME,VALUE) values ('431','isBaseLayer','false');
Insert into GIS_LAYER_PROPERTY (ID,NAME,VALUE) values ('432','visibility','false');
Insert into GIS_LAYER_PROPERTY (ID,NAME,VALUE) values ('433','opacity','0.4');
Insert into GIS_LAYER_PROPERTY (ID,NAME,VALUE) values ('434','buffer','0');
Insert into GIS_LAYER_PROPERTY (ID,NAME,VALUE) values ('435','layers','cas_Vandellos_HospInf');
Insert into GIS_LAYER_PROPERTY (ID,NAME,VALUE) values ('436','transparent','true');
Insert into GIS_LAYER_PROPERTY (ID,NAME,VALUE) values ('437','format','image/png');
Insert into GIS_LAYER_PROPERTY (ID,NAME,VALUE) values ('438','isBaseLayer','false');
Insert into GIS_LAYER_PROPERTY (ID,NAME,VALUE) values ('439','visibility','false');
Insert into GIS_LAYER_PROPERTY (ID,NAME,VALUE) values ('440','opacity','0.4');
Insert into GIS_LAYER_PROPERTY (ID,NAME,VALUE) values ('441','buffer','0');
Insert into GIS_LAYER_PROPERTY (ID,NAME,VALUE) values ('442','layers','zones_1km2km');
Insert into GIS_LAYER_PROPERTY (ID,NAME,VALUE) values ('443','transparent','true');
Insert into GIS_LAYER_PROPERTY (ID,NAME,VALUE) values ('444','format','image/png');
Insert into GIS_LAYER_PROPERTY (ID,NAME,VALUE) values ('445','isBaseLayer','false');
Insert into GIS_LAYER_PROPERTY (ID,NAME,VALUE) values ('446','visibility','false');
Insert into GIS_LAYER_PROPERTY (ID,NAME,VALUE) values ('447','opacity','0.4');
Insert into GIS_LAYER_PROPERTY (ID,NAME,VALUE) values ('448','buffer','0');
Insert into GIS_LAYER_PROPERTY (ID,NAME,VALUE) values ('449','layers','inst_vigilancia_radio');
Insert into GIS_LAYER_PROPERTY (ID,NAME,VALUE) values ('450','transparent','true');
Insert into GIS_LAYER_PROPERTY (ID,NAME,VALUE) values ('451','format','image/png');
Insert into GIS_LAYER_PROPERTY (ID,NAME,VALUE) values ('452','isBaseLayer','false');
Insert into GIS_LAYER_PROPERTY (ID,NAME,VALUE) values ('453','visibility','false');
Insert into GIS_LAYER_PROPERTY (ID,NAME,VALUE) values ('454','opacity','0.4');
Insert into GIS_LAYER_PROPERTY (ID,NAME,VALUE) values ('455','buffer','0');
Insert into GIS_LAYER_PROPERTY (ID,NAME,VALUE) values ('456','layers','inst_radioactives');
Insert into GIS_LAYER_PROPERTY (ID,NAME,VALUE) values ('457','transparent','true');
Insert into GIS_LAYER_PROPERTY (ID,NAME,VALUE) values ('458','format','image/png');
Insert into GIS_LAYER_PROPERTY (ID,NAME,VALUE) values ('459','isBaseLayer','false');
Insert into GIS_LAYER_PROPERTY (ID,NAME,VALUE) values ('460','visibility','false');
Insert into GIS_LAYER_PROPERTY (ID,NAME,VALUE) values ('461','opacity','0.4');
Insert into GIS_LAYER_PROPERTY (ID,NAME,VALUE) values ('462','buffer','0');
Insert into GIS_LAYER_PROPERTY (ID,NAME,VALUE) values ('463','layers','camcat');
Insert into GIS_LAYER_PROPERTY (ID,NAME,VALUE) values ('464','transparent','true');
Insert into GIS_LAYER_PROPERTY (ID,NAME,VALUE) values ('465','format','image/png');
Insert into GIS_LAYER_PROPERTY (ID,NAME,VALUE) values ('466','isBaseLayer','false');
Insert into GIS_LAYER_PROPERTY (ID,NAME,VALUE) values ('467','visibility','false');
Insert into GIS_LAYER_PROPERTY (ID,NAME,VALUE) values ('468','opacity','0.4');
Insert into GIS_LAYER_PROPERTY (ID,NAME,VALUE) values ('469','buffer','0');
Insert into GIS_LAYER_PROPERTY (ID,NAME,VALUE) values ('470','layers','camcat');
Insert into GIS_LAYER_PROPERTY (ID,NAME,VALUE) values ('471','transparent','true');
Insert into GIS_LAYER_PROPERTY (ID,NAME,VALUE) values ('472','format','image/png');
Insert into GIS_LAYER_PROPERTY (ID,NAME,VALUE) values ('473','isBaseLayer','false');
Insert into GIS_LAYER_PROPERTY (ID,NAME,VALUE) values ('474','visibility','false');
Insert into GIS_LAYER_PROPERTY (ID,NAME,VALUE) values ('475','opacity','0.4');
Insert into GIS_LAYER_PROPERTY (ID,NAME,VALUE) values ('476','buffer','0');
Insert into GIS_LAYER_PROPERTY (ID,NAME,VALUE) values ('477','layers','s:ap');
Insert into GIS_LAYER_PROPERTY (ID,NAME,VALUE) values ('478','transparent','true');
Insert into GIS_LAYER_PROPERTY (ID,NAME,VALUE) values ('479','format','image/png');
Insert into GIS_LAYER_PROPERTY (ID,NAME,VALUE) values ('480','isBaseLayer','false');
Insert into GIS_LAYER_PROPERTY (ID,NAME,VALUE) values ('481','visibility','false');
Insert into GIS_LAYER_PROPERTY (ID,NAME,VALUE) values ('482','opacity','0.4');
Insert into GIS_LAYER_PROPERTY (ID,NAME,VALUE) values ('483','buffer','0');
Insert into GIS_LAYER_PROPERTY (ID,NAME,VALUE) values ('484','layers','s:z1');
Insert into GIS_LAYER_PROPERTY (ID,NAME,VALUE) values ('485','transparent','true');
Insert into GIS_LAYER_PROPERTY (ID,NAME,VALUE) values ('486','format','image/png');
Insert into GIS_LAYER_PROPERTY (ID,NAME,VALUE) values ('487','isBaseLayer','false');
Insert into GIS_LAYER_PROPERTY (ID,NAME,VALUE) values ('488','visibility','false');
Insert into GIS_LAYER_PROPERTY (ID,NAME,VALUE) values ('489','opacity','0.4');
Insert into GIS_LAYER_PROPERTY (ID,NAME,VALUE) values ('490','buffer','0');
Insert into GIS_LAYER_PROPERTY (ID,NAME,VALUE) values ('491','layers','s:zt');
Insert into GIS_LAYER_PROPERTY (ID,NAME,VALUE) values ('492','transparent','true');
Insert into GIS_LAYER_PROPERTY (ID,NAME,VALUE) values ('493','format','image/png');
Insert into GIS_LAYER_PROPERTY (ID,NAME,VALUE) values ('494','isBaseLayer','false');
Insert into GIS_LAYER_PROPERTY (ID,NAME,VALUE) values ('495','visibility','false');
Insert into GIS_LAYER_PROPERTY (ID,NAME,VALUE) values ('496','opacity','0.4');
Insert into GIS_LAYER_PROPERTY (ID,NAME,VALUE) values ('497','buffer','0');
Insert into GIS_LAYER_PROPERTY (ID,NAME,VALUE) values ('498','layers','s:z3');
Insert into GIS_LAYER_PROPERTY (ID,NAME,VALUE) values ('499','transparent','true');
Insert into GIS_LAYER_PROPERTY (ID,NAME,VALUE) values ('500','format','image/png');
Insert into GIS_LAYER_PROPERTY (ID,NAME,VALUE) values ('501','isBaseLayer','false');
Insert into GIS_LAYER_PROPERTY (ID,NAME,VALUE) values ('502','visibility','false');
Insert into GIS_LAYER_PROPERTY (ID,NAME,VALUE) values ('503','opacity','0.4');
Insert into GIS_LAYER_PROPERTY (ID,NAME,VALUE) values ('504','buffer','0');
Insert into GIS_LAYER_PROPERTY (ID,NAME,VALUE) values ('505','layers','s:cd');
Insert into GIS_LAYER_PROPERTY (ID,NAME,VALUE) values ('506','transparent','true');
Insert into GIS_LAYER_PROPERTY (ID,NAME,VALUE) values ('507','format','image/png');
Insert into GIS_LAYER_PROPERTY (ID,NAME,VALUE) values ('508','isBaseLayer','false');
Insert into GIS_LAYER_PROPERTY (ID,NAME,VALUE) values ('509','visibility','false');
Insert into GIS_LAYER_PROPERTY (ID,NAME,VALUE) values ('510','opacity','0.4');
Insert into GIS_LAYER_PROPERTY (ID,NAME,VALUE) values ('511','buffer','0');
Insert into GIS_LAYER_PROPERTY (ID,NAME,VALUE) values ('512','layers','s:pi');
Insert into GIS_LAYER_PROPERTY (ID,NAME,VALUE) values ('513','transparent','true');
Insert into GIS_LAYER_PROPERTY (ID,NAME,VALUE) values ('514','format','image/png');
Insert into GIS_LAYER_PROPERTY (ID,NAME,VALUE) values ('515','isBaseLayer','false');
Insert into GIS_LAYER_PROPERTY (ID,NAME,VALUE) values ('516','visibility','false');
Insert into GIS_LAYER_PROPERTY (ID,NAME,VALUE) values ('517','opacity','0.4');
Insert into GIS_LAYER_PROPERTY (ID,NAME,VALUE) values ('518','buffer','0');
Insert into GIS_LAYER_PROPERTY (ID,NAME,VALUE) values ('519','layers','s:tt');
Insert into GIS_LAYER_PROPERTY (ID,NAME,VALUE) values ('520','transparent','true');
Insert into GIS_LAYER_PROPERTY (ID,NAME,VALUE) values ('521','format','image/png');
Insert into GIS_LAYER_PROPERTY (ID,NAME,VALUE) values ('522','isBaseLayer','false');
Insert into GIS_LAYER_PROPERTY (ID,NAME,VALUE) values ('523','visibility','false');
Insert into GIS_LAYER_PROPERTY (ID,NAME,VALUE) values ('524','opacity','0.4');
Insert into GIS_LAYER_PROPERTY (ID,NAME,VALUE) values ('525','buffer','0');
Insert into GIS_LAYER_PROPERTY (ID,NAME,VALUE) values ('526','layers','s:sp');
Insert into GIS_LAYER_PROPERTY (ID,NAME,VALUE) values ('527','transparent','true');
Insert into GIS_LAYER_PROPERTY (ID,NAME,VALUE) values ('528','format','image/png');
Insert into GIS_LAYER_PROPERTY (ID,NAME,VALUE) values ('529','isBaseLayer','false');
Insert into GIS_LAYER_PROPERTY (ID,NAME,VALUE) values ('530','visibility','false');
Insert into GIS_LAYER_PROPERTY (ID,NAME,VALUE) values ('531','opacity','0.4');
Insert into GIS_LAYER_PROPERTY (ID,NAME,VALUE) values ('532','buffer','0');
Insert into GIS_LAYER_PROPERTY (ID,NAME,VALUE) values ('533','layers','s:sc');
Insert into GIS_LAYER_PROPERTY (ID,NAME,VALUE) values ('534','transparent','true');
Insert into GIS_LAYER_PROPERTY (ID,NAME,VALUE) values ('535','format','image/png');
Insert into GIS_LAYER_PROPERTY (ID,NAME,VALUE) values ('536','isBaseLayer','false');
Insert into GIS_LAYER_PROPERTY (ID,NAME,VALUE) values ('537','visibility','false');
Insert into GIS_LAYER_PROPERTY (ID,NAME,VALUE) values ('538','opacity','0.4');
Insert into GIS_LAYER_PROPERTY (ID,NAME,VALUE) values ('539','buffer','0');
Insert into GIS_LAYER_PROPERTY (ID,NAME,VALUE) values ('540','layers','s:ir');
Insert into GIS_LAYER_PROPERTY (ID,NAME,VALUE) values ('541','transparent','true');
Insert into GIS_LAYER_PROPERTY (ID,NAME,VALUE) values ('542','format','image/png');
Insert into GIS_LAYER_PROPERTY (ID,NAME,VALUE) values ('543','isBaseLayer','false');
Insert into GIS_LAYER_PROPERTY (ID,NAME,VALUE) values ('544','visibility','false');
Insert into GIS_LAYER_PROPERTY (ID,NAME,VALUE) values ('545','opacity','0.4');
Insert into GIS_LAYER_PROPERTY (ID,NAME,VALUE) values ('546','buffer','0');
Insert into GIS_LAYER_PROPERTY (ID,NAME,VALUE) values ('547','layers','s:pn');
Insert into GIS_LAYER_PROPERTY (ID,NAME,VALUE) values ('548','transparent','true');
Insert into GIS_LAYER_PROPERTY (ID,NAME,VALUE) values ('549','format','image/png');
Insert into GIS_LAYER_PROPERTY (ID,NAME,VALUE) values ('550','isBaseLayer','false');
Insert into GIS_LAYER_PROPERTY (ID,NAME,VALUE) values ('551','visibility','false');
Insert into GIS_LAYER_PROPERTY (ID,NAME,VALUE) values ('552','opacity','0.4');
Insert into GIS_LAYER_PROPERTY (ID,NAME,VALUE) values ('553','buffer','0');
Insert into GIS_LAYER_PROPERTY (ID,NAME,VALUE) values ('554','layers','s:vu');
Insert into GIS_LAYER_PROPERTY (ID,NAME,VALUE) values ('555','transparent','true');
Insert into GIS_LAYER_PROPERTY (ID,NAME,VALUE) values ('556','format','image/png');
Insert into GIS_LAYER_PROPERTY (ID,NAME,VALUE) values ('557','isBaseLayer','false');
Insert into GIS_LAYER_PROPERTY (ID,NAME,VALUE) values ('558','visibility','false');
Insert into GIS_LAYER_PROPERTY (ID,NAME,VALUE) values ('559','opacity','0.4');
Insert into GIS_LAYER_PROPERTY (ID,NAME,VALUE) values ('560','buffer','0');
Insert into GIS_LAYER_PROPERTY (ID,NAME,VALUE) values ('561','layers','installacions_gas');
Insert into GIS_LAYER_PROPERTY (ID,NAME,VALUE) values ('562','transparent','true');
Insert into GIS_LAYER_PROPERTY (ID,NAME,VALUE) values ('563','format','image/png');
Insert into GIS_LAYER_PROPERTY (ID,NAME,VALUE) values ('564','isBaseLayer','false');
Insert into GIS_LAYER_PROPERTY (ID,NAME,VALUE) values ('565','visibility','false');
Insert into GIS_LAYER_PROPERTY (ID,NAME,VALUE) values ('566','opacity','0.4');
Insert into GIS_LAYER_PROPERTY (ID,NAME,VALUE) values ('567','buffer','0');
Insert into GIS_LAYER_PROPERTY (ID,NAME,VALUE) values ('568','layers','subestacions_electriques');
Insert into GIS_LAYER_PROPERTY (ID,NAME,VALUE) values ('569','transparent','true');
Insert into GIS_LAYER_PROPERTY (ID,NAME,VALUE) values ('570','format','image/png');
Insert into GIS_LAYER_PROPERTY (ID,NAME,VALUE) values ('571','isBaseLayer','false');
Insert into GIS_LAYER_PROPERTY (ID,NAME,VALUE) values ('572','visibility','false');
Insert into GIS_LAYER_PROPERTY (ID,NAME,VALUE) values ('573','opacity','0.4');
Insert into GIS_LAYER_PROPERTY (ID,NAME,VALUE) values ('574','buffer','0');
Insert into GIS_LAYER_PROPERTY (ID,NAME,VALUE) values ('575','layers','vies_prioritzades');
Insert into GIS_LAYER_PROPERTY (ID,NAME,VALUE) values ('576','transparent','true');
Insert into GIS_LAYER_PROPERTY (ID,NAME,VALUE) values ('577','format','image/png');
Insert into GIS_LAYER_PROPERTY (ID,NAME,VALUE) values ('578','isBaseLayer','false');
Insert into GIS_LAYER_PROPERTY (ID,NAME,VALUE) values ('579','visibility','false');
Insert into GIS_LAYER_PROPERTY (ID,NAME,VALUE) values ('580','opacity','0.4');
Insert into GIS_LAYER_PROPERTY (ID,NAME,VALUE) values ('581','buffer','0');
Insert into GIS_LAYER_PROPERTY (ID,NAME,VALUE) values ('582','layers','risc_sismic');
Insert into GIS_LAYER_PROPERTY (ID,NAME,VALUE) values ('583','transparent','true');
Insert into GIS_LAYER_PROPERTY (ID,NAME,VALUE) values ('584','format','image/png');
Insert into GIS_LAYER_PROPERTY (ID,NAME,VALUE) values ('585','isBaseLayer','false');
Insert into GIS_LAYER_PROPERTY (ID,NAME,VALUE) values ('586','visibility','false');
Insert into GIS_LAYER_PROPERTY (ID,NAME,VALUE) values ('587','opacity','0.4');
Insert into GIS_LAYER_PROPERTY (ID,NAME,VALUE) values ('588','buffer','0');
Insert into GIS_LAYER_PROPERTY (ID,NAME,VALUE) values ('589','layers','0');
Insert into GIS_LAYER_PROPERTY (ID,NAME,VALUE) values ('590','transparent','true');
Insert into GIS_LAYER_PROPERTY (ID,NAME,VALUE) values ('591','format','image/png');
Insert into GIS_LAYER_PROPERTY (ID,NAME,VALUE) values ('592','isBaseLayer','false');
Insert into GIS_LAYER_PROPERTY (ID,NAME,VALUE) values ('593','visibility','false');
Insert into GIS_LAYER_PROPERTY (ID,NAME,VALUE) values ('594','opacity','0.4');
Insert into GIS_LAYER_PROPERTY (ID,NAME,VALUE) values ('595','buffer','0');
Insert into GIS_LAYER_PROPERTY (ID,NAME,VALUE) values ('596','layers','0');
Insert into GIS_LAYER_PROPERTY (ID,NAME,VALUE) values ('597','transparent','true');
Insert into GIS_LAYER_PROPERTY (ID,NAME,VALUE) values ('598','format','image/png');
Insert into GIS_LAYER_PROPERTY (ID,NAME,VALUE) values ('599','isBaseLayer','false');
Insert into GIS_LAYER_PROPERTY (ID,NAME,VALUE) values ('600','visibility','false');
Insert into GIS_LAYER_PROPERTY (ID,NAME,VALUE) values ('601','opacity','0.4');
Insert into GIS_LAYER_PROPERTY (ID,NAME,VALUE) values ('602','buffer','0');
Insert into GIS_LAYER_PROPERTY (ID,NAME,VALUE) values ('603','layers','0');
Insert into GIS_LAYER_PROPERTY (ID,NAME,VALUE) values ('604','transparent','true');
Insert into GIS_LAYER_PROPERTY (ID,NAME,VALUE) values ('605','format','image/png');
Insert into GIS_LAYER_PROPERTY (ID,NAME,VALUE) values ('606','isBaseLayer','false');
Insert into GIS_LAYER_PROPERTY (ID,NAME,VALUE) values ('607','visibility','false');
Insert into GIS_LAYER_PROPERTY (ID,NAME,VALUE) values ('608','opacity','0.4');
Insert into GIS_LAYER_PROPERTY (ID,NAME,VALUE) values ('609','buffer','0');
Insert into GIS_LAYER_PROPERTY (ID,NAME,VALUE) values ('650','url','http://10.136.202.75/ows/wfs');
Insert into GIS_LAYER_PROPERTY (ID,NAME,VALUE) values ('651','maxFeatures','100');
Insert into GIS_LAYER_PROPERTY (ID,NAME,VALUE) values ('652','featureType','rp');
Insert into GIS_LAYER_PROPERTY (ID,NAME,VALUE) values ('653','featureNS','www.rescat.cat');
Insert into GIS_LAYER_PROPERTY (ID,NAME,VALUE) values ('654','featurePrefix','r');
Insert into GIS_LAYER_PROPERTY (ID,NAME,VALUE) values ('655','geometryName','SHAPE');
Insert into GIS_LAYER_PROPERTY (ID,NAME,VALUE) values ('656','schema','http://10.136.202.75/ows/wfs?request=DescribeFeatureType=1.1.0=WFS=r:rp');
Insert into GIS_LAYER_PROPERTY (ID,NAME,VALUE) values ('657','url','http://10.136.202.75/ows/wfs');
Insert into GIS_LAYER_PROPERTY (ID,NAME,VALUE) values ('658','maxFeatures','100');
Insert into GIS_LAYER_PROPERTY (ID,NAME,VALUE) values ('659','featureType','rl');
Insert into GIS_LAYER_PROPERTY (ID,NAME,VALUE) values ('660','featureNS','www.rescat.cat');
Insert into GIS_LAYER_PROPERTY (ID,NAME,VALUE) values ('661','featurePrefix','r');
Insert into GIS_LAYER_PROPERTY (ID,NAME,VALUE) values ('662','geometryName','SHAPE');
Insert into GIS_LAYER_PROPERTY (ID,NAME,VALUE) values ('663','schema','http://10.136.202.75/ows/wfs?request=DescribeFeatureType=1.1.0=WFS=r:rl');
Insert into GIS_LAYER_PROPERTY (ID,NAME,VALUE) values ('664','url','http://10.136.202.75/ows/wfs');
Insert into GIS_LAYER_PROPERTY (ID,NAME,VALUE) values ('665','maxFeatures','100');
Insert into GIS_LAYER_PROPERTY (ID,NAME,VALUE) values ('666','featureType','ra');
Insert into GIS_LAYER_PROPERTY (ID,NAME,VALUE) values ('667','featureNS','www.rescat.cat');
Insert into GIS_LAYER_PROPERTY (ID,NAME,VALUE) values ('668','featurePrefix','r');
Insert into GIS_LAYER_PROPERTY (ID,NAME,VALUE) values ('669','geometryName','SHAPE');
Insert into GIS_LAYER_PROPERTY (ID,NAME,VALUE) values ('670','schema','http://10.136.202.75/ows/wfs?request=DescribeFeatureType=1.1.0=WFS=r:ra');
Insert into GIS_LAYER_PROPERTY (ID,NAME,VALUE) values ('680','geometry','POINT');
Insert into GIS_LAYER_PROPERTY (ID,NAME,VALUE) values ('681','geometry','LINE');
Insert into GIS_LAYER_PROPERTY (ID,NAME,VALUE) values ('682','geometry','POLYGON');
Insert into GIS_LAYER_PROPERTY (ID,NAME,VALUE) values ('683','inUse','true');
Insert into GIS_LAYER_PROPERTY (ID,NAME,VALUE) values ('684','inUse','true');
Insert into GIS_LAYER_PROPERTY (ID,NAME,VALUE) values ('685','inUse','true');
Insert into GIS_LAYER_PROPERTY (ID,NAME,VALUE) values ('686','editable','true');
Insert into GIS_LAYER_PROPERTY (ID,NAME,VALUE) values ('687','editable','true');
Insert into GIS_LAYER_PROPERTY (ID,NAME,VALUE) values ('688','editable','true');


Insert into GIS_LAYER_GIS_LAYER_PROPERTY (GIS_LAYER_ID,PROPERTIES_ID) values ('1','1');
Insert into GIS_LAYER_GIS_LAYER_PROPERTY (GIS_LAYER_ID,PROPERTIES_ID) values ('1','2');
Insert into GIS_LAYER_GIS_LAYER_PROPERTY (GIS_LAYER_ID,PROPERTIES_ID) values ('1','3');
Insert into GIS_LAYER_GIS_LAYER_PROPERTY (GIS_LAYER_ID,PROPERTIES_ID) values ('1','4');
Insert into GIS_LAYER_GIS_LAYER_PROPERTY (GIS_LAYER_ID,PROPERTIES_ID) values ('1','5');
Insert into GIS_LAYER_GIS_LAYER_PROPERTY (GIS_LAYER_ID,PROPERTIES_ID) values ('1','6');
Insert into GIS_LAYER_GIS_LAYER_PROPERTY (GIS_LAYER_ID,PROPERTIES_ID) values ('1','7');
Insert into GIS_LAYER_GIS_LAYER_PROPERTY (GIS_LAYER_ID,PROPERTIES_ID) values ('1','8');
Insert into GIS_LAYER_GIS_LAYER_PROPERTY (GIS_LAYER_ID,PROPERTIES_ID) values ('1','9');
Insert into GIS_LAYER_GIS_LAYER_PROPERTY (GIS_LAYER_ID,PROPERTIES_ID) values ('2','10');
Insert into GIS_LAYER_GIS_LAYER_PROPERTY (GIS_LAYER_ID,PROPERTIES_ID) values ('2','11');
Insert into GIS_LAYER_GIS_LAYER_PROPERTY (GIS_LAYER_ID,PROPERTIES_ID) values ('2','12');
Insert into GIS_LAYER_GIS_LAYER_PROPERTY (GIS_LAYER_ID,PROPERTIES_ID) values ('2','13');
Insert into GIS_LAYER_GIS_LAYER_PROPERTY (GIS_LAYER_ID,PROPERTIES_ID) values ('2','14');
Insert into GIS_LAYER_GIS_LAYER_PROPERTY (GIS_LAYER_ID,PROPERTIES_ID) values ('2','15');
Insert into GIS_LAYER_GIS_LAYER_PROPERTY (GIS_LAYER_ID,PROPERTIES_ID) values ('2','16');
Insert into GIS_LAYER_GIS_LAYER_PROPERTY (GIS_LAYER_ID,PROPERTIES_ID) values ('2','17');
Insert into GIS_LAYER_GIS_LAYER_PROPERTY (GIS_LAYER_ID,PROPERTIES_ID) values ('3','18');
Insert into GIS_LAYER_GIS_LAYER_PROPERTY (GIS_LAYER_ID,PROPERTIES_ID) values ('3','19');
Insert into GIS_LAYER_GIS_LAYER_PROPERTY (GIS_LAYER_ID,PROPERTIES_ID) values ('3','20');
Insert into GIS_LAYER_GIS_LAYER_PROPERTY (GIS_LAYER_ID,PROPERTIES_ID) values ('3','21');
Insert into GIS_LAYER_GIS_LAYER_PROPERTY (GIS_LAYER_ID,PROPERTIES_ID) values ('3','22');
Insert into GIS_LAYER_GIS_LAYER_PROPERTY (GIS_LAYER_ID,PROPERTIES_ID) values ('3','23');
Insert into GIS_LAYER_GIS_LAYER_PROPERTY (GIS_LAYER_ID,PROPERTIES_ID) values ('3','24');
Insert into GIS_LAYER_GIS_LAYER_PROPERTY (GIS_LAYER_ID,PROPERTIES_ID) values ('3','25');
Insert into GIS_LAYER_GIS_LAYER_PROPERTY (GIS_LAYER_ID,PROPERTIES_ID) values ('3','26');
Insert into GIS_LAYER_GIS_LAYER_PROPERTY (GIS_LAYER_ID,PROPERTIES_ID) values ('4','27');
Insert into GIS_LAYER_GIS_LAYER_PROPERTY (GIS_LAYER_ID,PROPERTIES_ID) values ('4','28');
Insert into GIS_LAYER_GIS_LAYER_PROPERTY (GIS_LAYER_ID,PROPERTIES_ID) values ('4','29');
Insert into GIS_LAYER_GIS_LAYER_PROPERTY (GIS_LAYER_ID,PROPERTIES_ID) values ('4','30');
Insert into GIS_LAYER_GIS_LAYER_PROPERTY (GIS_LAYER_ID,PROPERTIES_ID) values ('4','31');
Insert into GIS_LAYER_GIS_LAYER_PROPERTY (GIS_LAYER_ID,PROPERTIES_ID) values ('4','32');
Insert into GIS_LAYER_GIS_LAYER_PROPERTY (GIS_LAYER_ID,PROPERTIES_ID) values ('4','33');
Insert into GIS_LAYER_GIS_LAYER_PROPERTY (GIS_LAYER_ID,PROPERTIES_ID) values ('4','34');
Insert into GIS_LAYER_GIS_LAYER_PROPERTY (GIS_LAYER_ID,PROPERTIES_ID) values ('4','35');
Insert into GIS_LAYER_GIS_LAYER_PROPERTY (GIS_LAYER_ID,PROPERTIES_ID) values ('5','36');
Insert into GIS_LAYER_GIS_LAYER_PROPERTY (GIS_LAYER_ID,PROPERTIES_ID) values ('5','37');
Insert into GIS_LAYER_GIS_LAYER_PROPERTY (GIS_LAYER_ID,PROPERTIES_ID) values ('5','38');
Insert into GIS_LAYER_GIS_LAYER_PROPERTY (GIS_LAYER_ID,PROPERTIES_ID) values ('5','39');
Insert into GIS_LAYER_GIS_LAYER_PROPERTY (GIS_LAYER_ID,PROPERTIES_ID) values ('5','40');
Insert into GIS_LAYER_GIS_LAYER_PROPERTY (GIS_LAYER_ID,PROPERTIES_ID) values ('5','41');
Insert into GIS_LAYER_GIS_LAYER_PROPERTY (GIS_LAYER_ID,PROPERTIES_ID) values ('5','42');
Insert into GIS_LAYER_GIS_LAYER_PROPERTY (GIS_LAYER_ID,PROPERTIES_ID) values ('6','43');
Insert into GIS_LAYER_GIS_LAYER_PROPERTY (GIS_LAYER_ID,PROPERTIES_ID) values ('6','44');
Insert into GIS_LAYER_GIS_LAYER_PROPERTY (GIS_LAYER_ID,PROPERTIES_ID) values ('6','45');
Insert into GIS_LAYER_GIS_LAYER_PROPERTY (GIS_LAYER_ID,PROPERTIES_ID) values ('6','46');
Insert into GIS_LAYER_GIS_LAYER_PROPERTY (GIS_LAYER_ID,PROPERTIES_ID) values ('6','47');
Insert into GIS_LAYER_GIS_LAYER_PROPERTY (GIS_LAYER_ID,PROPERTIES_ID) values ('6','48');
Insert into GIS_LAYER_GIS_LAYER_PROPERTY (GIS_LAYER_ID,PROPERTIES_ID) values ('6','49');
Insert into GIS_LAYER_GIS_LAYER_PROPERTY (GIS_LAYER_ID,PROPERTIES_ID) values ('7','50');
Insert into GIS_LAYER_GIS_LAYER_PROPERTY (GIS_LAYER_ID,PROPERTIES_ID) values ('7','51');
Insert into GIS_LAYER_GIS_LAYER_PROPERTY (GIS_LAYER_ID,PROPERTIES_ID) values ('7','52');
Insert into GIS_LAYER_GIS_LAYER_PROPERTY (GIS_LAYER_ID,PROPERTIES_ID) values ('7','53');
Insert into GIS_LAYER_GIS_LAYER_PROPERTY (GIS_LAYER_ID,PROPERTIES_ID) values ('7','54');
Insert into GIS_LAYER_GIS_LAYER_PROPERTY (GIS_LAYER_ID,PROPERTIES_ID) values ('7','55');
Insert into GIS_LAYER_GIS_LAYER_PROPERTY (GIS_LAYER_ID,PROPERTIES_ID) values ('7','56');
Insert into GIS_LAYER_GIS_LAYER_PROPERTY (GIS_LAYER_ID,PROPERTIES_ID) values ('8','57');
Insert into GIS_LAYER_GIS_LAYER_PROPERTY (GIS_LAYER_ID,PROPERTIES_ID) values ('8','58');
Insert into GIS_LAYER_GIS_LAYER_PROPERTY (GIS_LAYER_ID,PROPERTIES_ID) values ('8','59');
Insert into GIS_LAYER_GIS_LAYER_PROPERTY (GIS_LAYER_ID,PROPERTIES_ID) values ('8','60');
Insert into GIS_LAYER_GIS_LAYER_PROPERTY (GIS_LAYER_ID,PROPERTIES_ID) values ('8','61');
Insert into GIS_LAYER_GIS_LAYER_PROPERTY (GIS_LAYER_ID,PROPERTIES_ID) values ('8','62');
Insert into GIS_LAYER_GIS_LAYER_PROPERTY (GIS_LAYER_ID,PROPERTIES_ID) values ('8','63');
Insert into GIS_LAYER_GIS_LAYER_PROPERTY (GIS_LAYER_ID,PROPERTIES_ID) values ('9','64');
Insert into GIS_LAYER_GIS_LAYER_PROPERTY (GIS_LAYER_ID,PROPERTIES_ID) values ('9','65');
Insert into GIS_LAYER_GIS_LAYER_PROPERTY (GIS_LAYER_ID,PROPERTIES_ID) values ('9','66');
Insert into GIS_LAYER_GIS_LAYER_PROPERTY (GIS_LAYER_ID,PROPERTIES_ID) values ('9','67');
Insert into GIS_LAYER_GIS_LAYER_PROPERTY (GIS_LAYER_ID,PROPERTIES_ID) values ('9','68');
Insert into GIS_LAYER_GIS_LAYER_PROPERTY (GIS_LAYER_ID,PROPERTIES_ID) values ('9','69');
Insert into GIS_LAYER_GIS_LAYER_PROPERTY (GIS_LAYER_ID,PROPERTIES_ID) values ('9','70');
Insert into GIS_LAYER_GIS_LAYER_PROPERTY (GIS_LAYER_ID,PROPERTIES_ID) values ('10','71');
Insert into GIS_LAYER_GIS_LAYER_PROPERTY (GIS_LAYER_ID,PROPERTIES_ID) values ('10','72');
Insert into GIS_LAYER_GIS_LAYER_PROPERTY (GIS_LAYER_ID,PROPERTIES_ID) values ('10','73');
Insert into GIS_LAYER_GIS_LAYER_PROPERTY (GIS_LAYER_ID,PROPERTIES_ID) values ('10','74');
Insert into GIS_LAYER_GIS_LAYER_PROPERTY (GIS_LAYER_ID,PROPERTIES_ID) values ('10','75');
Insert into GIS_LAYER_GIS_LAYER_PROPERTY (GIS_LAYER_ID,PROPERTIES_ID) values ('10','76');
Insert into GIS_LAYER_GIS_LAYER_PROPERTY (GIS_LAYER_ID,PROPERTIES_ID) values ('10','77');
Insert into GIS_LAYER_GIS_LAYER_PROPERTY (GIS_LAYER_ID,PROPERTIES_ID) values ('11','78');
Insert into GIS_LAYER_GIS_LAYER_PROPERTY (GIS_LAYER_ID,PROPERTIES_ID) values ('11','79');
Insert into GIS_LAYER_GIS_LAYER_PROPERTY (GIS_LAYER_ID,PROPERTIES_ID) values ('11','80');
Insert into GIS_LAYER_GIS_LAYER_PROPERTY (GIS_LAYER_ID,PROPERTIES_ID) values ('11','81');
Insert into GIS_LAYER_GIS_LAYER_PROPERTY (GIS_LAYER_ID,PROPERTIES_ID) values ('11','82');
Insert into GIS_LAYER_GIS_LAYER_PROPERTY (GIS_LAYER_ID,PROPERTIES_ID) values ('11','83');
Insert into GIS_LAYER_GIS_LAYER_PROPERTY (GIS_LAYER_ID,PROPERTIES_ID) values ('11','84');
Insert into GIS_LAYER_GIS_LAYER_PROPERTY (GIS_LAYER_ID,PROPERTIES_ID) values ('12','85');
Insert into GIS_LAYER_GIS_LAYER_PROPERTY (GIS_LAYER_ID,PROPERTIES_ID) values ('12','86');
Insert into GIS_LAYER_GIS_LAYER_PROPERTY (GIS_LAYER_ID,PROPERTIES_ID) values ('12','87');
Insert into GIS_LAYER_GIS_LAYER_PROPERTY (GIS_LAYER_ID,PROPERTIES_ID) values ('12','88');
Insert into GIS_LAYER_GIS_LAYER_PROPERTY (GIS_LAYER_ID,PROPERTIES_ID) values ('12','89');
Insert into GIS_LAYER_GIS_LAYER_PROPERTY (GIS_LAYER_ID,PROPERTIES_ID) values ('12','90');
Insert into GIS_LAYER_GIS_LAYER_PROPERTY (GIS_LAYER_ID,PROPERTIES_ID) values ('12','91');
Insert into GIS_LAYER_GIS_LAYER_PROPERTY (GIS_LAYER_ID,PROPERTIES_ID) values ('13','92');
Insert into GIS_LAYER_GIS_LAYER_PROPERTY (GIS_LAYER_ID,PROPERTIES_ID) values ('13','93');
Insert into GIS_LAYER_GIS_LAYER_PROPERTY (GIS_LAYER_ID,PROPERTIES_ID) values ('13','94');
Insert into GIS_LAYER_GIS_LAYER_PROPERTY (GIS_LAYER_ID,PROPERTIES_ID) values ('13','95');
Insert into GIS_LAYER_GIS_LAYER_PROPERTY (GIS_LAYER_ID,PROPERTIES_ID) values ('13','96');
Insert into GIS_LAYER_GIS_LAYER_PROPERTY (GIS_LAYER_ID,PROPERTIES_ID) values ('13','97');
Insert into GIS_LAYER_GIS_LAYER_PROPERTY (GIS_LAYER_ID,PROPERTIES_ID) values ('13','98');
Insert into GIS_LAYER_GIS_LAYER_PROPERTY (GIS_LAYER_ID,PROPERTIES_ID) values ('14','99');
Insert into GIS_LAYER_GIS_LAYER_PROPERTY (GIS_LAYER_ID,PROPERTIES_ID) values ('14','100');
Insert into GIS_LAYER_GIS_LAYER_PROPERTY (GIS_LAYER_ID,PROPERTIES_ID) values ('14','101');
Insert into GIS_LAYER_GIS_LAYER_PROPERTY (GIS_LAYER_ID,PROPERTIES_ID) values ('14','102');
Insert into GIS_LAYER_GIS_LAYER_PROPERTY (GIS_LAYER_ID,PROPERTIES_ID) values ('14','103');
Insert into GIS_LAYER_GIS_LAYER_PROPERTY (GIS_LAYER_ID,PROPERTIES_ID) values ('14','104');
Insert into GIS_LAYER_GIS_LAYER_PROPERTY (GIS_LAYER_ID,PROPERTIES_ID) values ('14','105');
Insert into GIS_LAYER_GIS_LAYER_PROPERTY (GIS_LAYER_ID,PROPERTIES_ID) values ('15','106');
Insert into GIS_LAYER_GIS_LAYER_PROPERTY (GIS_LAYER_ID,PROPERTIES_ID) values ('15','107');
Insert into GIS_LAYER_GIS_LAYER_PROPERTY (GIS_LAYER_ID,PROPERTIES_ID) values ('15','108');
Insert into GIS_LAYER_GIS_LAYER_PROPERTY (GIS_LAYER_ID,PROPERTIES_ID) values ('15','109');
Insert into GIS_LAYER_GIS_LAYER_PROPERTY (GIS_LAYER_ID,PROPERTIES_ID) values ('15','110');
Insert into GIS_LAYER_GIS_LAYER_PROPERTY (GIS_LAYER_ID,PROPERTIES_ID) values ('15','111');
Insert into GIS_LAYER_GIS_LAYER_PROPERTY (GIS_LAYER_ID,PROPERTIES_ID) values ('15','112');
Insert into GIS_LAYER_GIS_LAYER_PROPERTY (GIS_LAYER_ID,PROPERTIES_ID) values ('16','113');
Insert into GIS_LAYER_GIS_LAYER_PROPERTY (GIS_LAYER_ID,PROPERTIES_ID) values ('16','114');
Insert into GIS_LAYER_GIS_LAYER_PROPERTY (GIS_LAYER_ID,PROPERTIES_ID) values ('16','115');
Insert into GIS_LAYER_GIS_LAYER_PROPERTY (GIS_LAYER_ID,PROPERTIES_ID) values ('16','116');
Insert into GIS_LAYER_GIS_LAYER_PROPERTY (GIS_LAYER_ID,PROPERTIES_ID) values ('16','117');
Insert into GIS_LAYER_GIS_LAYER_PROPERTY (GIS_LAYER_ID,PROPERTIES_ID) values ('16','118');
Insert into GIS_LAYER_GIS_LAYER_PROPERTY (GIS_LAYER_ID,PROPERTIES_ID) values ('16','119');
Insert into GIS_LAYER_GIS_LAYER_PROPERTY (GIS_LAYER_ID,PROPERTIES_ID) values ('17','120');
Insert into GIS_LAYER_GIS_LAYER_PROPERTY (GIS_LAYER_ID,PROPERTIES_ID) values ('17','121');
Insert into GIS_LAYER_GIS_LAYER_PROPERTY (GIS_LAYER_ID,PROPERTIES_ID) values ('17','122');
Insert into GIS_LAYER_GIS_LAYER_PROPERTY (GIS_LAYER_ID,PROPERTIES_ID) values ('17','123');
Insert into GIS_LAYER_GIS_LAYER_PROPERTY (GIS_LAYER_ID,PROPERTIES_ID) values ('17','124');
Insert into GIS_LAYER_GIS_LAYER_PROPERTY (GIS_LAYER_ID,PROPERTIES_ID) values ('17','125');
Insert into GIS_LAYER_GIS_LAYER_PROPERTY (GIS_LAYER_ID,PROPERTIES_ID) values ('17','126');
Insert into GIS_LAYER_GIS_LAYER_PROPERTY (GIS_LAYER_ID,PROPERTIES_ID) values ('18','127');
Insert into GIS_LAYER_GIS_LAYER_PROPERTY (GIS_LAYER_ID,PROPERTIES_ID) values ('18','128');
Insert into GIS_LAYER_GIS_LAYER_PROPERTY (GIS_LAYER_ID,PROPERTIES_ID) values ('18','129');
Insert into GIS_LAYER_GIS_LAYER_PROPERTY (GIS_LAYER_ID,PROPERTIES_ID) values ('18','130');
Insert into GIS_LAYER_GIS_LAYER_PROPERTY (GIS_LAYER_ID,PROPERTIES_ID) values ('18','131');
Insert into GIS_LAYER_GIS_LAYER_PROPERTY (GIS_LAYER_ID,PROPERTIES_ID) values ('18','132');
Insert into GIS_LAYER_GIS_LAYER_PROPERTY (GIS_LAYER_ID,PROPERTIES_ID) values ('18','133');
Insert into GIS_LAYER_GIS_LAYER_PROPERTY (GIS_LAYER_ID,PROPERTIES_ID) values ('19','134');
Insert into GIS_LAYER_GIS_LAYER_PROPERTY (GIS_LAYER_ID,PROPERTIES_ID) values ('19','135');
Insert into GIS_LAYER_GIS_LAYER_PROPERTY (GIS_LAYER_ID,PROPERTIES_ID) values ('19','136');
Insert into GIS_LAYER_GIS_LAYER_PROPERTY (GIS_LAYER_ID,PROPERTIES_ID) values ('19','137');
Insert into GIS_LAYER_GIS_LAYER_PROPERTY (GIS_LAYER_ID,PROPERTIES_ID) values ('19','138');
Insert into GIS_LAYER_GIS_LAYER_PROPERTY (GIS_LAYER_ID,PROPERTIES_ID) values ('19','139');
Insert into GIS_LAYER_GIS_LAYER_PROPERTY (GIS_LAYER_ID,PROPERTIES_ID) values ('19','140');
Insert into GIS_LAYER_GIS_LAYER_PROPERTY (GIS_LAYER_ID,PROPERTIES_ID) values ('20','141');
Insert into GIS_LAYER_GIS_LAYER_PROPERTY (GIS_LAYER_ID,PROPERTIES_ID) values ('20','142');
Insert into GIS_LAYER_GIS_LAYER_PROPERTY (GIS_LAYER_ID,PROPERTIES_ID) values ('20','143');
Insert into GIS_LAYER_GIS_LAYER_PROPERTY (GIS_LAYER_ID,PROPERTIES_ID) values ('20','144');
Insert into GIS_LAYER_GIS_LAYER_PROPERTY (GIS_LAYER_ID,PROPERTIES_ID) values ('20','145');
Insert into GIS_LAYER_GIS_LAYER_PROPERTY (GIS_LAYER_ID,PROPERTIES_ID) values ('20','146');
Insert into GIS_LAYER_GIS_LAYER_PROPERTY (GIS_LAYER_ID,PROPERTIES_ID) values ('20','147');
Insert into GIS_LAYER_GIS_LAYER_PROPERTY (GIS_LAYER_ID,PROPERTIES_ID) values ('21','148');
Insert into GIS_LAYER_GIS_LAYER_PROPERTY (GIS_LAYER_ID,PROPERTIES_ID) values ('21','149');
Insert into GIS_LAYER_GIS_LAYER_PROPERTY (GIS_LAYER_ID,PROPERTIES_ID) values ('21','150');
Insert into GIS_LAYER_GIS_LAYER_PROPERTY (GIS_LAYER_ID,PROPERTIES_ID) values ('21','151');
Insert into GIS_LAYER_GIS_LAYER_PROPERTY (GIS_LAYER_ID,PROPERTIES_ID) values ('21','152');
Insert into GIS_LAYER_GIS_LAYER_PROPERTY (GIS_LAYER_ID,PROPERTIES_ID) values ('21','153');
Insert into GIS_LAYER_GIS_LAYER_PROPERTY (GIS_LAYER_ID,PROPERTIES_ID) values ('21','154');
Insert into GIS_LAYER_GIS_LAYER_PROPERTY (GIS_LAYER_ID,PROPERTIES_ID) values ('22','155');
Insert into GIS_LAYER_GIS_LAYER_PROPERTY (GIS_LAYER_ID,PROPERTIES_ID) values ('22','156');
Insert into GIS_LAYER_GIS_LAYER_PROPERTY (GIS_LAYER_ID,PROPERTIES_ID) values ('22','157');
Insert into GIS_LAYER_GIS_LAYER_PROPERTY (GIS_LAYER_ID,PROPERTIES_ID) values ('22','158');
Insert into GIS_LAYER_GIS_LAYER_PROPERTY (GIS_LAYER_ID,PROPERTIES_ID) values ('22','159');
Insert into GIS_LAYER_GIS_LAYER_PROPERTY (GIS_LAYER_ID,PROPERTIES_ID) values ('22','160');
Insert into GIS_LAYER_GIS_LAYER_PROPERTY (GIS_LAYER_ID,PROPERTIES_ID) values ('22','161');
Insert into GIS_LAYER_GIS_LAYER_PROPERTY (GIS_LAYER_ID,PROPERTIES_ID) values ('23','162');
Insert into GIS_LAYER_GIS_LAYER_PROPERTY (GIS_LAYER_ID,PROPERTIES_ID) values ('23','163');
Insert into GIS_LAYER_GIS_LAYER_PROPERTY (GIS_LAYER_ID,PROPERTIES_ID) values ('23','164');
Insert into GIS_LAYER_GIS_LAYER_PROPERTY (GIS_LAYER_ID,PROPERTIES_ID) values ('23','165');
Insert into GIS_LAYER_GIS_LAYER_PROPERTY (GIS_LAYER_ID,PROPERTIES_ID) values ('23','166');
Insert into GIS_LAYER_GIS_LAYER_PROPERTY (GIS_LAYER_ID,PROPERTIES_ID) values ('23','167');
Insert into GIS_LAYER_GIS_LAYER_PROPERTY (GIS_LAYER_ID,PROPERTIES_ID) values ('23','168');
Insert into GIS_LAYER_GIS_LAYER_PROPERTY (GIS_LAYER_ID,PROPERTIES_ID) values ('24','169');
Insert into GIS_LAYER_GIS_LAYER_PROPERTY (GIS_LAYER_ID,PROPERTIES_ID) values ('24','170');
Insert into GIS_LAYER_GIS_LAYER_PROPERTY (GIS_LAYER_ID,PROPERTIES_ID) values ('24','171');
Insert into GIS_LAYER_GIS_LAYER_PROPERTY (GIS_LAYER_ID,PROPERTIES_ID) values ('24','172');
Insert into GIS_LAYER_GIS_LAYER_PROPERTY (GIS_LAYER_ID,PROPERTIES_ID) values ('24','173');
Insert into GIS_LAYER_GIS_LAYER_PROPERTY (GIS_LAYER_ID,PROPERTIES_ID) values ('24','174');
Insert into GIS_LAYER_GIS_LAYER_PROPERTY (GIS_LAYER_ID,PROPERTIES_ID) values ('24','175');
Insert into GIS_LAYER_GIS_LAYER_PROPERTY (GIS_LAYER_ID,PROPERTIES_ID) values ('25','176');
Insert into GIS_LAYER_GIS_LAYER_PROPERTY (GIS_LAYER_ID,PROPERTIES_ID) values ('25','177');
Insert into GIS_LAYER_GIS_LAYER_PROPERTY (GIS_LAYER_ID,PROPERTIES_ID) values ('25','178');
Insert into GIS_LAYER_GIS_LAYER_PROPERTY (GIS_LAYER_ID,PROPERTIES_ID) values ('25','179');
Insert into GIS_LAYER_GIS_LAYER_PROPERTY (GIS_LAYER_ID,PROPERTIES_ID) values ('25','180');
Insert into GIS_LAYER_GIS_LAYER_PROPERTY (GIS_LAYER_ID,PROPERTIES_ID) values ('25','181');
Insert into GIS_LAYER_GIS_LAYER_PROPERTY (GIS_LAYER_ID,PROPERTIES_ID) values ('25','182');
Insert into GIS_LAYER_GIS_LAYER_PROPERTY (GIS_LAYER_ID,PROPERTIES_ID) values ('26','183');
Insert into GIS_LAYER_GIS_LAYER_PROPERTY (GIS_LAYER_ID,PROPERTIES_ID) values ('26','184');
Insert into GIS_LAYER_GIS_LAYER_PROPERTY (GIS_LAYER_ID,PROPERTIES_ID) values ('26','185');
Insert into GIS_LAYER_GIS_LAYER_PROPERTY (GIS_LAYER_ID,PROPERTIES_ID) values ('26','186');
Insert into GIS_LAYER_GIS_LAYER_PROPERTY (GIS_LAYER_ID,PROPERTIES_ID) values ('26','187');
Insert into GIS_LAYER_GIS_LAYER_PROPERTY (GIS_LAYER_ID,PROPERTIES_ID) values ('26','188');
Insert into GIS_LAYER_GIS_LAYER_PROPERTY (GIS_LAYER_ID,PROPERTIES_ID) values ('26','189');
Insert into GIS_LAYER_GIS_LAYER_PROPERTY (GIS_LAYER_ID,PROPERTIES_ID) values ('27','190');
Insert into GIS_LAYER_GIS_LAYER_PROPERTY (GIS_LAYER_ID,PROPERTIES_ID) values ('27','191');
Insert into GIS_LAYER_GIS_LAYER_PROPERTY (GIS_LAYER_ID,PROPERTIES_ID) values ('27','192');
Insert into GIS_LAYER_GIS_LAYER_PROPERTY (GIS_LAYER_ID,PROPERTIES_ID) values ('27','193');
Insert into GIS_LAYER_GIS_LAYER_PROPERTY (GIS_LAYER_ID,PROPERTIES_ID) values ('27','194');
Insert into GIS_LAYER_GIS_LAYER_PROPERTY (GIS_LAYER_ID,PROPERTIES_ID) values ('27','195');
Insert into GIS_LAYER_GIS_LAYER_PROPERTY (GIS_LAYER_ID,PROPERTIES_ID) values ('27','196');
Insert into GIS_LAYER_GIS_LAYER_PROPERTY (GIS_LAYER_ID,PROPERTIES_ID) values ('28','197');
Insert into GIS_LAYER_GIS_LAYER_PROPERTY (GIS_LAYER_ID,PROPERTIES_ID) values ('28','198');
Insert into GIS_LAYER_GIS_LAYER_PROPERTY (GIS_LAYER_ID,PROPERTIES_ID) values ('28','199');
Insert into GIS_LAYER_GIS_LAYER_PROPERTY (GIS_LAYER_ID,PROPERTIES_ID) values ('28','200');
Insert into GIS_LAYER_GIS_LAYER_PROPERTY (GIS_LAYER_ID,PROPERTIES_ID) values ('28','201');
Insert into GIS_LAYER_GIS_LAYER_PROPERTY (GIS_LAYER_ID,PROPERTIES_ID) values ('28','202');
Insert into GIS_LAYER_GIS_LAYER_PROPERTY (GIS_LAYER_ID,PROPERTIES_ID) values ('28','203');
Insert into GIS_LAYER_GIS_LAYER_PROPERTY (GIS_LAYER_ID,PROPERTIES_ID) values ('29','204');
Insert into GIS_LAYER_GIS_LAYER_PROPERTY (GIS_LAYER_ID,PROPERTIES_ID) values ('29','205');
Insert into GIS_LAYER_GIS_LAYER_PROPERTY (GIS_LAYER_ID,PROPERTIES_ID) values ('29','206');
Insert into GIS_LAYER_GIS_LAYER_PROPERTY (GIS_LAYER_ID,PROPERTIES_ID) values ('29','207');
Insert into GIS_LAYER_GIS_LAYER_PROPERTY (GIS_LAYER_ID,PROPERTIES_ID) values ('29','208');
Insert into GIS_LAYER_GIS_LAYER_PROPERTY (GIS_LAYER_ID,PROPERTIES_ID) values ('29','209');
Insert into GIS_LAYER_GIS_LAYER_PROPERTY (GIS_LAYER_ID,PROPERTIES_ID) values ('29','210');
Insert into GIS_LAYER_GIS_LAYER_PROPERTY (GIS_LAYER_ID,PROPERTIES_ID) values ('30','211');
Insert into GIS_LAYER_GIS_LAYER_PROPERTY (GIS_LAYER_ID,PROPERTIES_ID) values ('30','212');
Insert into GIS_LAYER_GIS_LAYER_PROPERTY (GIS_LAYER_ID,PROPERTIES_ID) values ('30','213');
Insert into GIS_LAYER_GIS_LAYER_PROPERTY (GIS_LAYER_ID,PROPERTIES_ID) values ('30','214');
Insert into GIS_LAYER_GIS_LAYER_PROPERTY (GIS_LAYER_ID,PROPERTIES_ID) values ('30','215');
Insert into GIS_LAYER_GIS_LAYER_PROPERTY (GIS_LAYER_ID,PROPERTIES_ID) values ('30','216');
Insert into GIS_LAYER_GIS_LAYER_PROPERTY (GIS_LAYER_ID,PROPERTIES_ID) values ('30','217');
Insert into GIS_LAYER_GIS_LAYER_PROPERTY (GIS_LAYER_ID,PROPERTIES_ID) values ('31','218');
Insert into GIS_LAYER_GIS_LAYER_PROPERTY (GIS_LAYER_ID,PROPERTIES_ID) values ('31','219');
Insert into GIS_LAYER_GIS_LAYER_PROPERTY (GIS_LAYER_ID,PROPERTIES_ID) values ('31','220');
Insert into GIS_LAYER_GIS_LAYER_PROPERTY (GIS_LAYER_ID,PROPERTIES_ID) values ('31','221');
Insert into GIS_LAYER_GIS_LAYER_PROPERTY (GIS_LAYER_ID,PROPERTIES_ID) values ('31','222');
Insert into GIS_LAYER_GIS_LAYER_PROPERTY (GIS_LAYER_ID,PROPERTIES_ID) values ('31','223');
Insert into GIS_LAYER_GIS_LAYER_PROPERTY (GIS_LAYER_ID,PROPERTIES_ID) values ('31','224');
Insert into GIS_LAYER_GIS_LAYER_PROPERTY (GIS_LAYER_ID,PROPERTIES_ID) values ('32','225');
Insert into GIS_LAYER_GIS_LAYER_PROPERTY (GIS_LAYER_ID,PROPERTIES_ID) values ('32','226');
Insert into GIS_LAYER_GIS_LAYER_PROPERTY (GIS_LAYER_ID,PROPERTIES_ID) values ('32','227');
Insert into GIS_LAYER_GIS_LAYER_PROPERTY (GIS_LAYER_ID,PROPERTIES_ID) values ('32','228');
Insert into GIS_LAYER_GIS_LAYER_PROPERTY (GIS_LAYER_ID,PROPERTIES_ID) values ('32','229');
Insert into GIS_LAYER_GIS_LAYER_PROPERTY (GIS_LAYER_ID,PROPERTIES_ID) values ('32','230');
Insert into GIS_LAYER_GIS_LAYER_PROPERTY (GIS_LAYER_ID,PROPERTIES_ID) values ('32','231');
Insert into GIS_LAYER_GIS_LAYER_PROPERTY (GIS_LAYER_ID,PROPERTIES_ID) values ('33','232');
Insert into GIS_LAYER_GIS_LAYER_PROPERTY (GIS_LAYER_ID,PROPERTIES_ID) values ('33','233');
Insert into GIS_LAYER_GIS_LAYER_PROPERTY (GIS_LAYER_ID,PROPERTIES_ID) values ('33','234');
Insert into GIS_LAYER_GIS_LAYER_PROPERTY (GIS_LAYER_ID,PROPERTIES_ID) values ('33','235');
Insert into GIS_LAYER_GIS_LAYER_PROPERTY (GIS_LAYER_ID,PROPERTIES_ID) values ('33','236');
Insert into GIS_LAYER_GIS_LAYER_PROPERTY (GIS_LAYER_ID,PROPERTIES_ID) values ('33','237');
Insert into GIS_LAYER_GIS_LAYER_PROPERTY (GIS_LAYER_ID,PROPERTIES_ID) values ('33','238');
Insert into GIS_LAYER_GIS_LAYER_PROPERTY (GIS_LAYER_ID,PROPERTIES_ID) values ('34','239');
Insert into GIS_LAYER_GIS_LAYER_PROPERTY (GIS_LAYER_ID,PROPERTIES_ID) values ('34','240');
Insert into GIS_LAYER_GIS_LAYER_PROPERTY (GIS_LAYER_ID,PROPERTIES_ID) values ('34','241');
Insert into GIS_LAYER_GIS_LAYER_PROPERTY (GIS_LAYER_ID,PROPERTIES_ID) values ('34','242');
Insert into GIS_LAYER_GIS_LAYER_PROPERTY (GIS_LAYER_ID,PROPERTIES_ID) values ('34','243');
Insert into GIS_LAYER_GIS_LAYER_PROPERTY (GIS_LAYER_ID,PROPERTIES_ID) values ('34','244');
Insert into GIS_LAYER_GIS_LAYER_PROPERTY (GIS_LAYER_ID,PROPERTIES_ID) values ('34','245');
Insert into GIS_LAYER_GIS_LAYER_PROPERTY (GIS_LAYER_ID,PROPERTIES_ID) values ('35','246');
Insert into GIS_LAYER_GIS_LAYER_PROPERTY (GIS_LAYER_ID,PROPERTIES_ID) values ('35','247');
Insert into GIS_LAYER_GIS_LAYER_PROPERTY (GIS_LAYER_ID,PROPERTIES_ID) values ('35','248');
Insert into GIS_LAYER_GIS_LAYER_PROPERTY (GIS_LAYER_ID,PROPERTIES_ID) values ('35','249');
Insert into GIS_LAYER_GIS_LAYER_PROPERTY (GIS_LAYER_ID,PROPERTIES_ID) values ('35','250');
Insert into GIS_LAYER_GIS_LAYER_PROPERTY (GIS_LAYER_ID,PROPERTIES_ID) values ('35','251');
Insert into GIS_LAYER_GIS_LAYER_PROPERTY (GIS_LAYER_ID,PROPERTIES_ID) values ('35','252');
Insert into GIS_LAYER_GIS_LAYER_PROPERTY (GIS_LAYER_ID,PROPERTIES_ID) values ('36','253');
Insert into GIS_LAYER_GIS_LAYER_PROPERTY (GIS_LAYER_ID,PROPERTIES_ID) values ('36','254');
Insert into GIS_LAYER_GIS_LAYER_PROPERTY (GIS_LAYER_ID,PROPERTIES_ID) values ('36','255');
Insert into GIS_LAYER_GIS_LAYER_PROPERTY (GIS_LAYER_ID,PROPERTIES_ID) values ('36','256');
Insert into GIS_LAYER_GIS_LAYER_PROPERTY (GIS_LAYER_ID,PROPERTIES_ID) values ('36','257');
Insert into GIS_LAYER_GIS_LAYER_PROPERTY (GIS_LAYER_ID,PROPERTIES_ID) values ('36','258');
Insert into GIS_LAYER_GIS_LAYER_PROPERTY (GIS_LAYER_ID,PROPERTIES_ID) values ('36','259');
Insert into GIS_LAYER_GIS_LAYER_PROPERTY (GIS_LAYER_ID,PROPERTIES_ID) values ('37','260');
Insert into GIS_LAYER_GIS_LAYER_PROPERTY (GIS_LAYER_ID,PROPERTIES_ID) values ('37','261');
Insert into GIS_LAYER_GIS_LAYER_PROPERTY (GIS_LAYER_ID,PROPERTIES_ID) values ('37','262');
Insert into GIS_LAYER_GIS_LAYER_PROPERTY (GIS_LAYER_ID,PROPERTIES_ID) values ('37','263');
Insert into GIS_LAYER_GIS_LAYER_PROPERTY (GIS_LAYER_ID,PROPERTIES_ID) values ('37','264');
Insert into GIS_LAYER_GIS_LAYER_PROPERTY (GIS_LAYER_ID,PROPERTIES_ID) values ('37','265');
Insert into GIS_LAYER_GIS_LAYER_PROPERTY (GIS_LAYER_ID,PROPERTIES_ID) values ('37','266');
Insert into GIS_LAYER_GIS_LAYER_PROPERTY (GIS_LAYER_ID,PROPERTIES_ID) values ('38','267');
Insert into GIS_LAYER_GIS_LAYER_PROPERTY (GIS_LAYER_ID,PROPERTIES_ID) values ('38','268');
Insert into GIS_LAYER_GIS_LAYER_PROPERTY (GIS_LAYER_ID,PROPERTIES_ID) values ('38','269');
Insert into GIS_LAYER_GIS_LAYER_PROPERTY (GIS_LAYER_ID,PROPERTIES_ID) values ('38','270');
Insert into GIS_LAYER_GIS_LAYER_PROPERTY (GIS_LAYER_ID,PROPERTIES_ID) values ('38','271');
Insert into GIS_LAYER_GIS_LAYER_PROPERTY (GIS_LAYER_ID,PROPERTIES_ID) values ('38','272');
Insert into GIS_LAYER_GIS_LAYER_PROPERTY (GIS_LAYER_ID,PROPERTIES_ID) values ('38','273');
Insert into GIS_LAYER_GIS_LAYER_PROPERTY (GIS_LAYER_ID,PROPERTIES_ID) values ('39','274');
Insert into GIS_LAYER_GIS_LAYER_PROPERTY (GIS_LAYER_ID,PROPERTIES_ID) values ('39','275');
Insert into GIS_LAYER_GIS_LAYER_PROPERTY (GIS_LAYER_ID,PROPERTIES_ID) values ('39','276');
Insert into GIS_LAYER_GIS_LAYER_PROPERTY (GIS_LAYER_ID,PROPERTIES_ID) values ('39','277');
Insert into GIS_LAYER_GIS_LAYER_PROPERTY (GIS_LAYER_ID,PROPERTIES_ID) values ('39','278');
Insert into GIS_LAYER_GIS_LAYER_PROPERTY (GIS_LAYER_ID,PROPERTIES_ID) values ('39','279');
Insert into GIS_LAYER_GIS_LAYER_PROPERTY (GIS_LAYER_ID,PROPERTIES_ID) values ('39','280');
Insert into GIS_LAYER_GIS_LAYER_PROPERTY (GIS_LAYER_ID,PROPERTIES_ID) values ('40','281');
Insert into GIS_LAYER_GIS_LAYER_PROPERTY (GIS_LAYER_ID,PROPERTIES_ID) values ('40','282');
Insert into GIS_LAYER_GIS_LAYER_PROPERTY (GIS_LAYER_ID,PROPERTIES_ID) values ('40','283');
Insert into GIS_LAYER_GIS_LAYER_PROPERTY (GIS_LAYER_ID,PROPERTIES_ID) values ('40','284');
Insert into GIS_LAYER_GIS_LAYER_PROPERTY (GIS_LAYER_ID,PROPERTIES_ID) values ('40','285');
Insert into GIS_LAYER_GIS_LAYER_PROPERTY (GIS_LAYER_ID,PROPERTIES_ID) values ('40','286');
Insert into GIS_LAYER_GIS_LAYER_PROPERTY (GIS_LAYER_ID,PROPERTIES_ID) values ('40','287');
Insert into GIS_LAYER_GIS_LAYER_PROPERTY (GIS_LAYER_ID,PROPERTIES_ID) values ('41','288');
Insert into GIS_LAYER_GIS_LAYER_PROPERTY (GIS_LAYER_ID,PROPERTIES_ID) values ('41','289');
Insert into GIS_LAYER_GIS_LAYER_PROPERTY (GIS_LAYER_ID,PROPERTIES_ID) values ('41','290');
Insert into GIS_LAYER_GIS_LAYER_PROPERTY (GIS_LAYER_ID,PROPERTIES_ID) values ('41','291');
Insert into GIS_LAYER_GIS_LAYER_PROPERTY (GIS_LAYER_ID,PROPERTIES_ID) values ('41','292');
Insert into GIS_LAYER_GIS_LAYER_PROPERTY (GIS_LAYER_ID,PROPERTIES_ID) values ('41','293');
Insert into GIS_LAYER_GIS_LAYER_PROPERTY (GIS_LAYER_ID,PROPERTIES_ID) values ('41','294');
Insert into GIS_LAYER_GIS_LAYER_PROPERTY (GIS_LAYER_ID,PROPERTIES_ID) values ('42','295');
Insert into GIS_LAYER_GIS_LAYER_PROPERTY (GIS_LAYER_ID,PROPERTIES_ID) values ('42','296');
Insert into GIS_LAYER_GIS_LAYER_PROPERTY (GIS_LAYER_ID,PROPERTIES_ID) values ('42','297');
Insert into GIS_LAYER_GIS_LAYER_PROPERTY (GIS_LAYER_ID,PROPERTIES_ID) values ('42','298');
Insert into GIS_LAYER_GIS_LAYER_PROPERTY (GIS_LAYER_ID,PROPERTIES_ID) values ('42','299');
Insert into GIS_LAYER_GIS_LAYER_PROPERTY (GIS_LAYER_ID,PROPERTIES_ID) values ('42','300');
Insert into GIS_LAYER_GIS_LAYER_PROPERTY (GIS_LAYER_ID,PROPERTIES_ID) values ('42','301');
Insert into GIS_LAYER_GIS_LAYER_PROPERTY (GIS_LAYER_ID,PROPERTIES_ID) values ('43','302');
Insert into GIS_LAYER_GIS_LAYER_PROPERTY (GIS_LAYER_ID,PROPERTIES_ID) values ('43','303');
Insert into GIS_LAYER_GIS_LAYER_PROPERTY (GIS_LAYER_ID,PROPERTIES_ID) values ('43','304');
Insert into GIS_LAYER_GIS_LAYER_PROPERTY (GIS_LAYER_ID,PROPERTIES_ID) values ('43','305');
Insert into GIS_LAYER_GIS_LAYER_PROPERTY (GIS_LAYER_ID,PROPERTIES_ID) values ('43','306');
Insert into GIS_LAYER_GIS_LAYER_PROPERTY (GIS_LAYER_ID,PROPERTIES_ID) values ('43','307');
Insert into GIS_LAYER_GIS_LAYER_PROPERTY (GIS_LAYER_ID,PROPERTIES_ID) values ('43','308');
Insert into GIS_LAYER_GIS_LAYER_PROPERTY (GIS_LAYER_ID,PROPERTIES_ID) values ('44','309');
Insert into GIS_LAYER_GIS_LAYER_PROPERTY (GIS_LAYER_ID,PROPERTIES_ID) values ('44','310');
Insert into GIS_LAYER_GIS_LAYER_PROPERTY (GIS_LAYER_ID,PROPERTIES_ID) values ('44','311');
Insert into GIS_LAYER_GIS_LAYER_PROPERTY (GIS_LAYER_ID,PROPERTIES_ID) values ('44','312');
Insert into GIS_LAYER_GIS_LAYER_PROPERTY (GIS_LAYER_ID,PROPERTIES_ID) values ('44','313');
Insert into GIS_LAYER_GIS_LAYER_PROPERTY (GIS_LAYER_ID,PROPERTIES_ID) values ('44','314');
Insert into GIS_LAYER_GIS_LAYER_PROPERTY (GIS_LAYER_ID,PROPERTIES_ID) values ('44','315');
Insert into GIS_LAYER_GIS_LAYER_PROPERTY (GIS_LAYER_ID,PROPERTIES_ID) values ('45','316');
Insert into GIS_LAYER_GIS_LAYER_PROPERTY (GIS_LAYER_ID,PROPERTIES_ID) values ('45','317');
Insert into GIS_LAYER_GIS_LAYER_PROPERTY (GIS_LAYER_ID,PROPERTIES_ID) values ('45','318');
Insert into GIS_LAYER_GIS_LAYER_PROPERTY (GIS_LAYER_ID,PROPERTIES_ID) values ('45','319');
Insert into GIS_LAYER_GIS_LAYER_PROPERTY (GIS_LAYER_ID,PROPERTIES_ID) values ('45','320');
Insert into GIS_LAYER_GIS_LAYER_PROPERTY (GIS_LAYER_ID,PROPERTIES_ID) values ('45','321');
Insert into GIS_LAYER_GIS_LAYER_PROPERTY (GIS_LAYER_ID,PROPERTIES_ID) values ('45','322');
Insert into GIS_LAYER_GIS_LAYER_PROPERTY (GIS_LAYER_ID,PROPERTIES_ID) values ('46','323');
Insert into GIS_LAYER_GIS_LAYER_PROPERTY (GIS_LAYER_ID,PROPERTIES_ID) values ('46','324');
Insert into GIS_LAYER_GIS_LAYER_PROPERTY (GIS_LAYER_ID,PROPERTIES_ID) values ('46','325');
Insert into GIS_LAYER_GIS_LAYER_PROPERTY (GIS_LAYER_ID,PROPERTIES_ID) values ('46','326');
Insert into GIS_LAYER_GIS_LAYER_PROPERTY (GIS_LAYER_ID,PROPERTIES_ID) values ('46','327');
Insert into GIS_LAYER_GIS_LAYER_PROPERTY (GIS_LAYER_ID,PROPERTIES_ID) values ('46','328');
Insert into GIS_LAYER_GIS_LAYER_PROPERTY (GIS_LAYER_ID,PROPERTIES_ID) values ('46','329');
Insert into GIS_LAYER_GIS_LAYER_PROPERTY (GIS_LAYER_ID,PROPERTIES_ID) values ('47','330');
Insert into GIS_LAYER_GIS_LAYER_PROPERTY (GIS_LAYER_ID,PROPERTIES_ID) values ('47','331');
Insert into GIS_LAYER_GIS_LAYER_PROPERTY (GIS_LAYER_ID,PROPERTIES_ID) values ('47','332');
Insert into GIS_LAYER_GIS_LAYER_PROPERTY (GIS_LAYER_ID,PROPERTIES_ID) values ('47','333');
Insert into GIS_LAYER_GIS_LAYER_PROPERTY (GIS_LAYER_ID,PROPERTIES_ID) values ('47','334');
Insert into GIS_LAYER_GIS_LAYER_PROPERTY (GIS_LAYER_ID,PROPERTIES_ID) values ('47','335');
Insert into GIS_LAYER_GIS_LAYER_PROPERTY (GIS_LAYER_ID,PROPERTIES_ID) values ('47','336');
Insert into GIS_LAYER_GIS_LAYER_PROPERTY (GIS_LAYER_ID,PROPERTIES_ID) values ('48','337');
Insert into GIS_LAYER_GIS_LAYER_PROPERTY (GIS_LAYER_ID,PROPERTIES_ID) values ('48','338');
Insert into GIS_LAYER_GIS_LAYER_PROPERTY (GIS_LAYER_ID,PROPERTIES_ID) values ('48','339');
Insert into GIS_LAYER_GIS_LAYER_PROPERTY (GIS_LAYER_ID,PROPERTIES_ID) values ('48','340');
Insert into GIS_LAYER_GIS_LAYER_PROPERTY (GIS_LAYER_ID,PROPERTIES_ID) values ('48','341');
Insert into GIS_LAYER_GIS_LAYER_PROPERTY (GIS_LAYER_ID,PROPERTIES_ID) values ('48','342');
Insert into GIS_LAYER_GIS_LAYER_PROPERTY (GIS_LAYER_ID,PROPERTIES_ID) values ('48','343');
Insert into GIS_LAYER_GIS_LAYER_PROPERTY (GIS_LAYER_ID,PROPERTIES_ID) values ('49','344');
Insert into GIS_LAYER_GIS_LAYER_PROPERTY (GIS_LAYER_ID,PROPERTIES_ID) values ('49','345');
Insert into GIS_LAYER_GIS_LAYER_PROPERTY (GIS_LAYER_ID,PROPERTIES_ID) values ('49','346');
Insert into GIS_LAYER_GIS_LAYER_PROPERTY (GIS_LAYER_ID,PROPERTIES_ID) values ('49','347');
Insert into GIS_LAYER_GIS_LAYER_PROPERTY (GIS_LAYER_ID,PROPERTIES_ID) values ('49','348');
Insert into GIS_LAYER_GIS_LAYER_PROPERTY (GIS_LAYER_ID,PROPERTIES_ID) values ('49','349');
Insert into GIS_LAYER_GIS_LAYER_PROPERTY (GIS_LAYER_ID,PROPERTIES_ID) values ('49','350');
Insert into GIS_LAYER_GIS_LAYER_PROPERTY (GIS_LAYER_ID,PROPERTIES_ID) values ('50','351');
Insert into GIS_LAYER_GIS_LAYER_PROPERTY (GIS_LAYER_ID,PROPERTIES_ID) values ('50','352');
Insert into GIS_LAYER_GIS_LAYER_PROPERTY (GIS_LAYER_ID,PROPERTIES_ID) values ('50','353');
Insert into GIS_LAYER_GIS_LAYER_PROPERTY (GIS_LAYER_ID,PROPERTIES_ID) values ('50','354');
Insert into GIS_LAYER_GIS_LAYER_PROPERTY (GIS_LAYER_ID,PROPERTIES_ID) values ('50','355');
Insert into GIS_LAYER_GIS_LAYER_PROPERTY (GIS_LAYER_ID,PROPERTIES_ID) values ('50','356');
Insert into GIS_LAYER_GIS_LAYER_PROPERTY (GIS_LAYER_ID,PROPERTIES_ID) values ('50','357');
Insert into GIS_LAYER_GIS_LAYER_PROPERTY (GIS_LAYER_ID,PROPERTIES_ID) values ('51','358');
Insert into GIS_LAYER_GIS_LAYER_PROPERTY (GIS_LAYER_ID,PROPERTIES_ID) values ('51','359');
Insert into GIS_LAYER_GIS_LAYER_PROPERTY (GIS_LAYER_ID,PROPERTIES_ID) values ('51','360');
Insert into GIS_LAYER_GIS_LAYER_PROPERTY (GIS_LAYER_ID,PROPERTIES_ID) values ('51','361');
Insert into GIS_LAYER_GIS_LAYER_PROPERTY (GIS_LAYER_ID,PROPERTIES_ID) values ('51','362');
Insert into GIS_LAYER_GIS_LAYER_PROPERTY (GIS_LAYER_ID,PROPERTIES_ID) values ('51','363');
Insert into GIS_LAYER_GIS_LAYER_PROPERTY (GIS_LAYER_ID,PROPERTIES_ID) values ('51','364');
Insert into GIS_LAYER_GIS_LAYER_PROPERTY (GIS_LAYER_ID,PROPERTIES_ID) values ('52','365');
Insert into GIS_LAYER_GIS_LAYER_PROPERTY (GIS_LAYER_ID,PROPERTIES_ID) values ('52','366');
Insert into GIS_LAYER_GIS_LAYER_PROPERTY (GIS_LAYER_ID,PROPERTIES_ID) values ('52','367');
Insert into GIS_LAYER_GIS_LAYER_PROPERTY (GIS_LAYER_ID,PROPERTIES_ID) values ('52','368');
Insert into GIS_LAYER_GIS_LAYER_PROPERTY (GIS_LAYER_ID,PROPERTIES_ID) values ('52','369');
Insert into GIS_LAYER_GIS_LAYER_PROPERTY (GIS_LAYER_ID,PROPERTIES_ID) values ('52','370');
Insert into GIS_LAYER_GIS_LAYER_PROPERTY (GIS_LAYER_ID,PROPERTIES_ID) values ('52','371');
Insert into GIS_LAYER_GIS_LAYER_PROPERTY (GIS_LAYER_ID,PROPERTIES_ID) values ('53','372');
Insert into GIS_LAYER_GIS_LAYER_PROPERTY (GIS_LAYER_ID,PROPERTIES_ID) values ('53','373');
Insert into GIS_LAYER_GIS_LAYER_PROPERTY (GIS_LAYER_ID,PROPERTIES_ID) values ('53','374');
Insert into GIS_LAYER_GIS_LAYER_PROPERTY (GIS_LAYER_ID,PROPERTIES_ID) values ('53','375');
Insert into GIS_LAYER_GIS_LAYER_PROPERTY (GIS_LAYER_ID,PROPERTIES_ID) values ('53','376');
Insert into GIS_LAYER_GIS_LAYER_PROPERTY (GIS_LAYER_ID,PROPERTIES_ID) values ('53','377');
Insert into GIS_LAYER_GIS_LAYER_PROPERTY (GIS_LAYER_ID,PROPERTIES_ID) values ('53','378');
Insert into GIS_LAYER_GIS_LAYER_PROPERTY (GIS_LAYER_ID,PROPERTIES_ID) values ('54','379');
Insert into GIS_LAYER_GIS_LAYER_PROPERTY (GIS_LAYER_ID,PROPERTIES_ID) values ('54','380');
Insert into GIS_LAYER_GIS_LAYER_PROPERTY (GIS_LAYER_ID,PROPERTIES_ID) values ('54','381');
Insert into GIS_LAYER_GIS_LAYER_PROPERTY (GIS_LAYER_ID,PROPERTIES_ID) values ('54','382');
Insert into GIS_LAYER_GIS_LAYER_PROPERTY (GIS_LAYER_ID,PROPERTIES_ID) values ('54','383');
Insert into GIS_LAYER_GIS_LAYER_PROPERTY (GIS_LAYER_ID,PROPERTIES_ID) values ('54','384');
Insert into GIS_LAYER_GIS_LAYER_PROPERTY (GIS_LAYER_ID,PROPERTIES_ID) values ('54','385');
Insert into GIS_LAYER_GIS_LAYER_PROPERTY (GIS_LAYER_ID,PROPERTIES_ID) values ('55','386');
Insert into GIS_LAYER_GIS_LAYER_PROPERTY (GIS_LAYER_ID,PROPERTIES_ID) values ('55','387');
Insert into GIS_LAYER_GIS_LAYER_PROPERTY (GIS_LAYER_ID,PROPERTIES_ID) values ('55','388');
Insert into GIS_LAYER_GIS_LAYER_PROPERTY (GIS_LAYER_ID,PROPERTIES_ID) values ('55','389');
Insert into GIS_LAYER_GIS_LAYER_PROPERTY (GIS_LAYER_ID,PROPERTIES_ID) values ('55','390');
Insert into GIS_LAYER_GIS_LAYER_PROPERTY (GIS_LAYER_ID,PROPERTIES_ID) values ('55','391');
Insert into GIS_LAYER_GIS_LAYER_PROPERTY (GIS_LAYER_ID,PROPERTIES_ID) values ('55','392');
Insert into GIS_LAYER_GIS_LAYER_PROPERTY (GIS_LAYER_ID,PROPERTIES_ID) values ('56','393');
Insert into GIS_LAYER_GIS_LAYER_PROPERTY (GIS_LAYER_ID,PROPERTIES_ID) values ('56','394');
Insert into GIS_LAYER_GIS_LAYER_PROPERTY (GIS_LAYER_ID,PROPERTIES_ID) values ('56','395');
Insert into GIS_LAYER_GIS_LAYER_PROPERTY (GIS_LAYER_ID,PROPERTIES_ID) values ('56','396');
Insert into GIS_LAYER_GIS_LAYER_PROPERTY (GIS_LAYER_ID,PROPERTIES_ID) values ('56','397');
Insert into GIS_LAYER_GIS_LAYER_PROPERTY (GIS_LAYER_ID,PROPERTIES_ID) values ('56','398');
Insert into GIS_LAYER_GIS_LAYER_PROPERTY (GIS_LAYER_ID,PROPERTIES_ID) values ('56','399');
Insert into GIS_LAYER_GIS_LAYER_PROPERTY (GIS_LAYER_ID,PROPERTIES_ID) values ('57','400');
Insert into GIS_LAYER_GIS_LAYER_PROPERTY (GIS_LAYER_ID,PROPERTIES_ID) values ('57','401');
Insert into GIS_LAYER_GIS_LAYER_PROPERTY (GIS_LAYER_ID,PROPERTIES_ID) values ('57','402');
Insert into GIS_LAYER_GIS_LAYER_PROPERTY (GIS_LAYER_ID,PROPERTIES_ID) values ('57','403');
Insert into GIS_LAYER_GIS_LAYER_PROPERTY (GIS_LAYER_ID,PROPERTIES_ID) values ('57','404');
Insert into GIS_LAYER_GIS_LAYER_PROPERTY (GIS_LAYER_ID,PROPERTIES_ID) values ('57','405');
Insert into GIS_LAYER_GIS_LAYER_PROPERTY (GIS_LAYER_ID,PROPERTIES_ID) values ('57','406');
Insert into GIS_LAYER_GIS_LAYER_PROPERTY (GIS_LAYER_ID,PROPERTIES_ID) values ('58','407');
Insert into GIS_LAYER_GIS_LAYER_PROPERTY (GIS_LAYER_ID,PROPERTIES_ID) values ('58','408');
Insert into GIS_LAYER_GIS_LAYER_PROPERTY (GIS_LAYER_ID,PROPERTIES_ID) values ('58','409');
Insert into GIS_LAYER_GIS_LAYER_PROPERTY (GIS_LAYER_ID,PROPERTIES_ID) values ('58','410');
Insert into GIS_LAYER_GIS_LAYER_PROPERTY (GIS_LAYER_ID,PROPERTIES_ID) values ('58','411');
Insert into GIS_LAYER_GIS_LAYER_PROPERTY (GIS_LAYER_ID,PROPERTIES_ID) values ('58','412');
Insert into GIS_LAYER_GIS_LAYER_PROPERTY (GIS_LAYER_ID,PROPERTIES_ID) values ('58','413');
Insert into GIS_LAYER_GIS_LAYER_PROPERTY (GIS_LAYER_ID,PROPERTIES_ID) values ('59','414');
Insert into GIS_LAYER_GIS_LAYER_PROPERTY (GIS_LAYER_ID,PROPERTIES_ID) values ('59','415');
Insert into GIS_LAYER_GIS_LAYER_PROPERTY (GIS_LAYER_ID,PROPERTIES_ID) values ('59','416');
Insert into GIS_LAYER_GIS_LAYER_PROPERTY (GIS_LAYER_ID,PROPERTIES_ID) values ('59','417');
Insert into GIS_LAYER_GIS_LAYER_PROPERTY (GIS_LAYER_ID,PROPERTIES_ID) values ('59','418');
Insert into GIS_LAYER_GIS_LAYER_PROPERTY (GIS_LAYER_ID,PROPERTIES_ID) values ('59','419');
Insert into GIS_LAYER_GIS_LAYER_PROPERTY (GIS_LAYER_ID,PROPERTIES_ID) values ('59','420');
Insert into GIS_LAYER_GIS_LAYER_PROPERTY (GIS_LAYER_ID,PROPERTIES_ID) values ('60','421');
Insert into GIS_LAYER_GIS_LAYER_PROPERTY (GIS_LAYER_ID,PROPERTIES_ID) values ('60','422');
Insert into GIS_LAYER_GIS_LAYER_PROPERTY (GIS_LAYER_ID,PROPERTIES_ID) values ('60','423');
Insert into GIS_LAYER_GIS_LAYER_PROPERTY (GIS_LAYER_ID,PROPERTIES_ID) values ('60','424');
Insert into GIS_LAYER_GIS_LAYER_PROPERTY (GIS_LAYER_ID,PROPERTIES_ID) values ('60','425');
Insert into GIS_LAYER_GIS_LAYER_PROPERTY (GIS_LAYER_ID,PROPERTIES_ID) values ('60','426');
Insert into GIS_LAYER_GIS_LAYER_PROPERTY (GIS_LAYER_ID,PROPERTIES_ID) values ('60','427');
Insert into GIS_LAYER_GIS_LAYER_PROPERTY (GIS_LAYER_ID,PROPERTIES_ID) values ('61','428');
Insert into GIS_LAYER_GIS_LAYER_PROPERTY (GIS_LAYER_ID,PROPERTIES_ID) values ('61','429');
Insert into GIS_LAYER_GIS_LAYER_PROPERTY (GIS_LAYER_ID,PROPERTIES_ID) values ('61','430');
Insert into GIS_LAYER_GIS_LAYER_PROPERTY (GIS_LAYER_ID,PROPERTIES_ID) values ('61','431');
Insert into GIS_LAYER_GIS_LAYER_PROPERTY (GIS_LAYER_ID,PROPERTIES_ID) values ('61','432');
Insert into GIS_LAYER_GIS_LAYER_PROPERTY (GIS_LAYER_ID,PROPERTIES_ID) values ('61','433');
Insert into GIS_LAYER_GIS_LAYER_PROPERTY (GIS_LAYER_ID,PROPERTIES_ID) values ('61','434');
Insert into GIS_LAYER_GIS_LAYER_PROPERTY (GIS_LAYER_ID,PROPERTIES_ID) values ('62','435');
Insert into GIS_LAYER_GIS_LAYER_PROPERTY (GIS_LAYER_ID,PROPERTIES_ID) values ('62','436');
Insert into GIS_LAYER_GIS_LAYER_PROPERTY (GIS_LAYER_ID,PROPERTIES_ID) values ('62','437');
Insert into GIS_LAYER_GIS_LAYER_PROPERTY (GIS_LAYER_ID,PROPERTIES_ID) values ('62','438');
Insert into GIS_LAYER_GIS_LAYER_PROPERTY (GIS_LAYER_ID,PROPERTIES_ID) values ('62','439');
Insert into GIS_LAYER_GIS_LAYER_PROPERTY (GIS_LAYER_ID,PROPERTIES_ID) values ('62','440');
Insert into GIS_LAYER_GIS_LAYER_PROPERTY (GIS_LAYER_ID,PROPERTIES_ID) values ('62','441');
Insert into GIS_LAYER_GIS_LAYER_PROPERTY (GIS_LAYER_ID,PROPERTIES_ID) values ('63','442');
Insert into GIS_LAYER_GIS_LAYER_PROPERTY (GIS_LAYER_ID,PROPERTIES_ID) values ('63','443');
Insert into GIS_LAYER_GIS_LAYER_PROPERTY (GIS_LAYER_ID,PROPERTIES_ID) values ('63','444');
Insert into GIS_LAYER_GIS_LAYER_PROPERTY (GIS_LAYER_ID,PROPERTIES_ID) values ('63','445');
Insert into GIS_LAYER_GIS_LAYER_PROPERTY (GIS_LAYER_ID,PROPERTIES_ID) values ('63','446');
Insert into GIS_LAYER_GIS_LAYER_PROPERTY (GIS_LAYER_ID,PROPERTIES_ID) values ('63','447');
Insert into GIS_LAYER_GIS_LAYER_PROPERTY (GIS_LAYER_ID,PROPERTIES_ID) values ('63','448');
Insert into GIS_LAYER_GIS_LAYER_PROPERTY (GIS_LAYER_ID,PROPERTIES_ID) values ('64','449');
Insert into GIS_LAYER_GIS_LAYER_PROPERTY (GIS_LAYER_ID,PROPERTIES_ID) values ('64','450');
Insert into GIS_LAYER_GIS_LAYER_PROPERTY (GIS_LAYER_ID,PROPERTIES_ID) values ('64','451');
Insert into GIS_LAYER_GIS_LAYER_PROPERTY (GIS_LAYER_ID,PROPERTIES_ID) values ('64','452');
Insert into GIS_LAYER_GIS_LAYER_PROPERTY (GIS_LAYER_ID,PROPERTIES_ID) values ('64','453');
Insert into GIS_LAYER_GIS_LAYER_PROPERTY (GIS_LAYER_ID,PROPERTIES_ID) values ('64','454');
Insert into GIS_LAYER_GIS_LAYER_PROPERTY (GIS_LAYER_ID,PROPERTIES_ID) values ('64','455');
Insert into GIS_LAYER_GIS_LAYER_PROPERTY (GIS_LAYER_ID,PROPERTIES_ID) values ('65','456');
Insert into GIS_LAYER_GIS_LAYER_PROPERTY (GIS_LAYER_ID,PROPERTIES_ID) values ('65','457');
Insert into GIS_LAYER_GIS_LAYER_PROPERTY (GIS_LAYER_ID,PROPERTIES_ID) values ('65','458');
Insert into GIS_LAYER_GIS_LAYER_PROPERTY (GIS_LAYER_ID,PROPERTIES_ID) values ('65','459');
Insert into GIS_LAYER_GIS_LAYER_PROPERTY (GIS_LAYER_ID,PROPERTIES_ID) values ('65','460');
Insert into GIS_LAYER_GIS_LAYER_PROPERTY (GIS_LAYER_ID,PROPERTIES_ID) values ('65','461');
Insert into GIS_LAYER_GIS_LAYER_PROPERTY (GIS_LAYER_ID,PROPERTIES_ID) values ('65','462');
Insert into GIS_LAYER_GIS_LAYER_PROPERTY (GIS_LAYER_ID,PROPERTIES_ID) values ('66','463');
Insert into GIS_LAYER_GIS_LAYER_PROPERTY (GIS_LAYER_ID,PROPERTIES_ID) values ('66','464');
Insert into GIS_LAYER_GIS_LAYER_PROPERTY (GIS_LAYER_ID,PROPERTIES_ID) values ('66','465');
Insert into GIS_LAYER_GIS_LAYER_PROPERTY (GIS_LAYER_ID,PROPERTIES_ID) values ('66','466');
Insert into GIS_LAYER_GIS_LAYER_PROPERTY (GIS_LAYER_ID,PROPERTIES_ID) values ('66','467');
Insert into GIS_LAYER_GIS_LAYER_PROPERTY (GIS_LAYER_ID,PROPERTIES_ID) values ('66','468');
Insert into GIS_LAYER_GIS_LAYER_PROPERTY (GIS_LAYER_ID,PROPERTIES_ID) values ('66','469');
Insert into GIS_LAYER_GIS_LAYER_PROPERTY (GIS_LAYER_ID,PROPERTIES_ID) values ('67','470');
Insert into GIS_LAYER_GIS_LAYER_PROPERTY (GIS_LAYER_ID,PROPERTIES_ID) values ('67','471');
Insert into GIS_LAYER_GIS_LAYER_PROPERTY (GIS_LAYER_ID,PROPERTIES_ID) values ('67','472');
Insert into GIS_LAYER_GIS_LAYER_PROPERTY (GIS_LAYER_ID,PROPERTIES_ID) values ('67','473');
Insert into GIS_LAYER_GIS_LAYER_PROPERTY (GIS_LAYER_ID,PROPERTIES_ID) values ('67','474');
Insert into GIS_LAYER_GIS_LAYER_PROPERTY (GIS_LAYER_ID,PROPERTIES_ID) values ('67','475');
Insert into GIS_LAYER_GIS_LAYER_PROPERTY (GIS_LAYER_ID,PROPERTIES_ID) values ('67','476');
Insert into GIS_LAYER_GIS_LAYER_PROPERTY (GIS_LAYER_ID,PROPERTIES_ID) values ('68','477');
Insert into GIS_LAYER_GIS_LAYER_PROPERTY (GIS_LAYER_ID,PROPERTIES_ID) values ('68','478');
Insert into GIS_LAYER_GIS_LAYER_PROPERTY (GIS_LAYER_ID,PROPERTIES_ID) values ('68','479');
Insert into GIS_LAYER_GIS_LAYER_PROPERTY (GIS_LAYER_ID,PROPERTIES_ID) values ('68','480');
Insert into GIS_LAYER_GIS_LAYER_PROPERTY (GIS_LAYER_ID,PROPERTIES_ID) values ('68','481');
Insert into GIS_LAYER_GIS_LAYER_PROPERTY (GIS_LAYER_ID,PROPERTIES_ID) values ('68','482');
Insert into GIS_LAYER_GIS_LAYER_PROPERTY (GIS_LAYER_ID,PROPERTIES_ID) values ('68','483');
Insert into GIS_LAYER_GIS_LAYER_PROPERTY (GIS_LAYER_ID,PROPERTIES_ID) values ('69','484');
Insert into GIS_LAYER_GIS_LAYER_PROPERTY (GIS_LAYER_ID,PROPERTIES_ID) values ('69','485');
Insert into GIS_LAYER_GIS_LAYER_PROPERTY (GIS_LAYER_ID,PROPERTIES_ID) values ('69','486');
Insert into GIS_LAYER_GIS_LAYER_PROPERTY (GIS_LAYER_ID,PROPERTIES_ID) values ('69','487');
Insert into GIS_LAYER_GIS_LAYER_PROPERTY (GIS_LAYER_ID,PROPERTIES_ID) values ('69','488');
Insert into GIS_LAYER_GIS_LAYER_PROPERTY (GIS_LAYER_ID,PROPERTIES_ID) values ('69','489');
Insert into GIS_LAYER_GIS_LAYER_PROPERTY (GIS_LAYER_ID,PROPERTIES_ID) values ('69','490');
Insert into GIS_LAYER_GIS_LAYER_PROPERTY (GIS_LAYER_ID,PROPERTIES_ID) values ('70','491');
Insert into GIS_LAYER_GIS_LAYER_PROPERTY (GIS_LAYER_ID,PROPERTIES_ID) values ('70','492');
Insert into GIS_LAYER_GIS_LAYER_PROPERTY (GIS_LAYER_ID,PROPERTIES_ID) values ('70','493');
Insert into GIS_LAYER_GIS_LAYER_PROPERTY (GIS_LAYER_ID,PROPERTIES_ID) values ('70','494');
Insert into GIS_LAYER_GIS_LAYER_PROPERTY (GIS_LAYER_ID,PROPERTIES_ID) values ('70','495');
Insert into GIS_LAYER_GIS_LAYER_PROPERTY (GIS_LAYER_ID,PROPERTIES_ID) values ('70','496');
Insert into GIS_LAYER_GIS_LAYER_PROPERTY (GIS_LAYER_ID,PROPERTIES_ID) values ('70','497');
Insert into GIS_LAYER_GIS_LAYER_PROPERTY (GIS_LAYER_ID,PROPERTIES_ID) values ('71','498');
Insert into GIS_LAYER_GIS_LAYER_PROPERTY (GIS_LAYER_ID,PROPERTIES_ID) values ('71','499');
Insert into GIS_LAYER_GIS_LAYER_PROPERTY (GIS_LAYER_ID,PROPERTIES_ID) values ('71','500');
Insert into GIS_LAYER_GIS_LAYER_PROPERTY (GIS_LAYER_ID,PROPERTIES_ID) values ('71','501');
Insert into GIS_LAYER_GIS_LAYER_PROPERTY (GIS_LAYER_ID,PROPERTIES_ID) values ('71','502');
Insert into GIS_LAYER_GIS_LAYER_PROPERTY (GIS_LAYER_ID,PROPERTIES_ID) values ('71','503');
Insert into GIS_LAYER_GIS_LAYER_PROPERTY (GIS_LAYER_ID,PROPERTIES_ID) values ('71','504');
Insert into GIS_LAYER_GIS_LAYER_PROPERTY (GIS_LAYER_ID,PROPERTIES_ID) values ('72','505');
Insert into GIS_LAYER_GIS_LAYER_PROPERTY (GIS_LAYER_ID,PROPERTIES_ID) values ('72','506');
Insert into GIS_LAYER_GIS_LAYER_PROPERTY (GIS_LAYER_ID,PROPERTIES_ID) values ('72','507');
Insert into GIS_LAYER_GIS_LAYER_PROPERTY (GIS_LAYER_ID,PROPERTIES_ID) values ('72','508');
Insert into GIS_LAYER_GIS_LAYER_PROPERTY (GIS_LAYER_ID,PROPERTIES_ID) values ('72','509');
Insert into GIS_LAYER_GIS_LAYER_PROPERTY (GIS_LAYER_ID,PROPERTIES_ID) values ('72','510');
Insert into GIS_LAYER_GIS_LAYER_PROPERTY (GIS_LAYER_ID,PROPERTIES_ID) values ('72','511');
Insert into GIS_LAYER_GIS_LAYER_PROPERTY (GIS_LAYER_ID,PROPERTIES_ID) values ('73','512');
Insert into GIS_LAYER_GIS_LAYER_PROPERTY (GIS_LAYER_ID,PROPERTIES_ID) values ('73','513');
Insert into GIS_LAYER_GIS_LAYER_PROPERTY (GIS_LAYER_ID,PROPERTIES_ID) values ('73','514');
Insert into GIS_LAYER_GIS_LAYER_PROPERTY (GIS_LAYER_ID,PROPERTIES_ID) values ('73','515');
Insert into GIS_LAYER_GIS_LAYER_PROPERTY (GIS_LAYER_ID,PROPERTIES_ID) values ('73','516');
Insert into GIS_LAYER_GIS_LAYER_PROPERTY (GIS_LAYER_ID,PROPERTIES_ID) values ('73','517');
Insert into GIS_LAYER_GIS_LAYER_PROPERTY (GIS_LAYER_ID,PROPERTIES_ID) values ('73','518');
Insert into GIS_LAYER_GIS_LAYER_PROPERTY (GIS_LAYER_ID,PROPERTIES_ID) values ('74','519');
Insert into GIS_LAYER_GIS_LAYER_PROPERTY (GIS_LAYER_ID,PROPERTIES_ID) values ('74','520');
Insert into GIS_LAYER_GIS_LAYER_PROPERTY (GIS_LAYER_ID,PROPERTIES_ID) values ('74','521');
Insert into GIS_LAYER_GIS_LAYER_PROPERTY (GIS_LAYER_ID,PROPERTIES_ID) values ('74','522');
Insert into GIS_LAYER_GIS_LAYER_PROPERTY (GIS_LAYER_ID,PROPERTIES_ID) values ('74','523');
Insert into GIS_LAYER_GIS_LAYER_PROPERTY (GIS_LAYER_ID,PROPERTIES_ID) values ('74','524');
Insert into GIS_LAYER_GIS_LAYER_PROPERTY (GIS_LAYER_ID,PROPERTIES_ID) values ('74','525');
Insert into GIS_LAYER_GIS_LAYER_PROPERTY (GIS_LAYER_ID,PROPERTIES_ID) values ('75','526');
Insert into GIS_LAYER_GIS_LAYER_PROPERTY (GIS_LAYER_ID,PROPERTIES_ID) values ('75','527');
Insert into GIS_LAYER_GIS_LAYER_PROPERTY (GIS_LAYER_ID,PROPERTIES_ID) values ('75','528');
Insert into GIS_LAYER_GIS_LAYER_PROPERTY (GIS_LAYER_ID,PROPERTIES_ID) values ('75','529');
Insert into GIS_LAYER_GIS_LAYER_PROPERTY (GIS_LAYER_ID,PROPERTIES_ID) values ('75','530');
Insert into GIS_LAYER_GIS_LAYER_PROPERTY (GIS_LAYER_ID,PROPERTIES_ID) values ('75','531');
Insert into GIS_LAYER_GIS_LAYER_PROPERTY (GIS_LAYER_ID,PROPERTIES_ID) values ('75','532');
Insert into GIS_LAYER_GIS_LAYER_PROPERTY (GIS_LAYER_ID,PROPERTIES_ID) values ('76','533');
Insert into GIS_LAYER_GIS_LAYER_PROPERTY (GIS_LAYER_ID,PROPERTIES_ID) values ('76','534');
Insert into GIS_LAYER_GIS_LAYER_PROPERTY (GIS_LAYER_ID,PROPERTIES_ID) values ('76','535');
Insert into GIS_LAYER_GIS_LAYER_PROPERTY (GIS_LAYER_ID,PROPERTIES_ID) values ('76','536');
Insert into GIS_LAYER_GIS_LAYER_PROPERTY (GIS_LAYER_ID,PROPERTIES_ID) values ('76','537');
Insert into GIS_LAYER_GIS_LAYER_PROPERTY (GIS_LAYER_ID,PROPERTIES_ID) values ('76','538');
Insert into GIS_LAYER_GIS_LAYER_PROPERTY (GIS_LAYER_ID,PROPERTIES_ID) values ('76','539');
Insert into GIS_LAYER_GIS_LAYER_PROPERTY (GIS_LAYER_ID,PROPERTIES_ID) values ('77','540');
Insert into GIS_LAYER_GIS_LAYER_PROPERTY (GIS_LAYER_ID,PROPERTIES_ID) values ('77','541');
Insert into GIS_LAYER_GIS_LAYER_PROPERTY (GIS_LAYER_ID,PROPERTIES_ID) values ('77','542');
Insert into GIS_LAYER_GIS_LAYER_PROPERTY (GIS_LAYER_ID,PROPERTIES_ID) values ('77','543');
Insert into GIS_LAYER_GIS_LAYER_PROPERTY (GIS_LAYER_ID,PROPERTIES_ID) values ('77','544');
Insert into GIS_LAYER_GIS_LAYER_PROPERTY (GIS_LAYER_ID,PROPERTIES_ID) values ('77','545');
Insert into GIS_LAYER_GIS_LAYER_PROPERTY (GIS_LAYER_ID,PROPERTIES_ID) values ('77','546');
Insert into GIS_LAYER_GIS_LAYER_PROPERTY (GIS_LAYER_ID,PROPERTIES_ID) values ('78','547');
Insert into GIS_LAYER_GIS_LAYER_PROPERTY (GIS_LAYER_ID,PROPERTIES_ID) values ('78','548');
Insert into GIS_LAYER_GIS_LAYER_PROPERTY (GIS_LAYER_ID,PROPERTIES_ID) values ('78','549');
Insert into GIS_LAYER_GIS_LAYER_PROPERTY (GIS_LAYER_ID,PROPERTIES_ID) values ('78','550');
Insert into GIS_LAYER_GIS_LAYER_PROPERTY (GIS_LAYER_ID,PROPERTIES_ID) values ('78','551');
Insert into GIS_LAYER_GIS_LAYER_PROPERTY (GIS_LAYER_ID,PROPERTIES_ID) values ('78','552');
Insert into GIS_LAYER_GIS_LAYER_PROPERTY (GIS_LAYER_ID,PROPERTIES_ID) values ('78','553');
Insert into GIS_LAYER_GIS_LAYER_PROPERTY (GIS_LAYER_ID,PROPERTIES_ID) values ('79','554');
Insert into GIS_LAYER_GIS_LAYER_PROPERTY (GIS_LAYER_ID,PROPERTIES_ID) values ('79','555');
Insert into GIS_LAYER_GIS_LAYER_PROPERTY (GIS_LAYER_ID,PROPERTIES_ID) values ('79','556');
Insert into GIS_LAYER_GIS_LAYER_PROPERTY (GIS_LAYER_ID,PROPERTIES_ID) values ('79','557');
Insert into GIS_LAYER_GIS_LAYER_PROPERTY (GIS_LAYER_ID,PROPERTIES_ID) values ('79','558');
Insert into GIS_LAYER_GIS_LAYER_PROPERTY (GIS_LAYER_ID,PROPERTIES_ID) values ('79','559');
Insert into GIS_LAYER_GIS_LAYER_PROPERTY (GIS_LAYER_ID,PROPERTIES_ID) values ('79','560');
Insert into GIS_LAYER_GIS_LAYER_PROPERTY (GIS_LAYER_ID,PROPERTIES_ID) values ('80','561');
Insert into GIS_LAYER_GIS_LAYER_PROPERTY (GIS_LAYER_ID,PROPERTIES_ID) values ('80','562');
Insert into GIS_LAYER_GIS_LAYER_PROPERTY (GIS_LAYER_ID,PROPERTIES_ID) values ('80','563');
Insert into GIS_LAYER_GIS_LAYER_PROPERTY (GIS_LAYER_ID,PROPERTIES_ID) values ('80','564');
Insert into GIS_LAYER_GIS_LAYER_PROPERTY (GIS_LAYER_ID,PROPERTIES_ID) values ('80','565');
Insert into GIS_LAYER_GIS_LAYER_PROPERTY (GIS_LAYER_ID,PROPERTIES_ID) values ('80','566');
Insert into GIS_LAYER_GIS_LAYER_PROPERTY (GIS_LAYER_ID,PROPERTIES_ID) values ('80','567');
Insert into GIS_LAYER_GIS_LAYER_PROPERTY (GIS_LAYER_ID,PROPERTIES_ID) values ('81','568');
Insert into GIS_LAYER_GIS_LAYER_PROPERTY (GIS_LAYER_ID,PROPERTIES_ID) values ('81','569');
Insert into GIS_LAYER_GIS_LAYER_PROPERTY (GIS_LAYER_ID,PROPERTIES_ID) values ('81','570');
Insert into GIS_LAYER_GIS_LAYER_PROPERTY (GIS_LAYER_ID,PROPERTIES_ID) values ('81','571');
Insert into GIS_LAYER_GIS_LAYER_PROPERTY (GIS_LAYER_ID,PROPERTIES_ID) values ('81','572');
Insert into GIS_LAYER_GIS_LAYER_PROPERTY (GIS_LAYER_ID,PROPERTIES_ID) values ('81','573');
Insert into GIS_LAYER_GIS_LAYER_PROPERTY (GIS_LAYER_ID,PROPERTIES_ID) values ('81','574');
Insert into GIS_LAYER_GIS_LAYER_PROPERTY (GIS_LAYER_ID,PROPERTIES_ID) values ('82','575');
Insert into GIS_LAYER_GIS_LAYER_PROPERTY (GIS_LAYER_ID,PROPERTIES_ID) values ('82','576');
Insert into GIS_LAYER_GIS_LAYER_PROPERTY (GIS_LAYER_ID,PROPERTIES_ID) values ('82','577');
Insert into GIS_LAYER_GIS_LAYER_PROPERTY (GIS_LAYER_ID,PROPERTIES_ID) values ('82','578');
Insert into GIS_LAYER_GIS_LAYER_PROPERTY (GIS_LAYER_ID,PROPERTIES_ID) values ('82','579');
Insert into GIS_LAYER_GIS_LAYER_PROPERTY (GIS_LAYER_ID,PROPERTIES_ID) values ('82','580');
Insert into GIS_LAYER_GIS_LAYER_PROPERTY (GIS_LAYER_ID,PROPERTIES_ID) values ('82','581');
Insert into GIS_LAYER_GIS_LAYER_PROPERTY (GIS_LAYER_ID,PROPERTIES_ID) values ('83','582');
Insert into GIS_LAYER_GIS_LAYER_PROPERTY (GIS_LAYER_ID,PROPERTIES_ID) values ('83','583');
Insert into GIS_LAYER_GIS_LAYER_PROPERTY (GIS_LAYER_ID,PROPERTIES_ID) values ('83','584');
Insert into GIS_LAYER_GIS_LAYER_PROPERTY (GIS_LAYER_ID,PROPERTIES_ID) values ('83','585');
Insert into GIS_LAYER_GIS_LAYER_PROPERTY (GIS_LAYER_ID,PROPERTIES_ID) values ('83','586');
Insert into GIS_LAYER_GIS_LAYER_PROPERTY (GIS_LAYER_ID,PROPERTIES_ID) values ('83','587');
Insert into GIS_LAYER_GIS_LAYER_PROPERTY (GIS_LAYER_ID,PROPERTIES_ID) values ('83','588');
Insert into GIS_LAYER_GIS_LAYER_PROPERTY (GIS_LAYER_ID,PROPERTIES_ID) values ('84','589');
Insert into GIS_LAYER_GIS_LAYER_PROPERTY (GIS_LAYER_ID,PROPERTIES_ID) values ('84','590');
Insert into GIS_LAYER_GIS_LAYER_PROPERTY (GIS_LAYER_ID,PROPERTIES_ID) values ('84','591');
Insert into GIS_LAYER_GIS_LAYER_PROPERTY (GIS_LAYER_ID,PROPERTIES_ID) values ('84','592');
Insert into GIS_LAYER_GIS_LAYER_PROPERTY (GIS_LAYER_ID,PROPERTIES_ID) values ('84','593');
Insert into GIS_LAYER_GIS_LAYER_PROPERTY (GIS_LAYER_ID,PROPERTIES_ID) values ('84','594');
Insert into GIS_LAYER_GIS_LAYER_PROPERTY (GIS_LAYER_ID,PROPERTIES_ID) values ('84','595');
Insert into GIS_LAYER_GIS_LAYER_PROPERTY (GIS_LAYER_ID,PROPERTIES_ID) values ('85','596');
Insert into GIS_LAYER_GIS_LAYER_PROPERTY (GIS_LAYER_ID,PROPERTIES_ID) values ('85','597');
Insert into GIS_LAYER_GIS_LAYER_PROPERTY (GIS_LAYER_ID,PROPERTIES_ID) values ('85','598');
Insert into GIS_LAYER_GIS_LAYER_PROPERTY (GIS_LAYER_ID,PROPERTIES_ID) values ('85','599');
Insert into GIS_LAYER_GIS_LAYER_PROPERTY (GIS_LAYER_ID,PROPERTIES_ID) values ('85','600');
Insert into GIS_LAYER_GIS_LAYER_PROPERTY (GIS_LAYER_ID,PROPERTIES_ID) values ('85','601');
Insert into GIS_LAYER_GIS_LAYER_PROPERTY (GIS_LAYER_ID,PROPERTIES_ID) values ('85','602');
Insert into GIS_LAYER_GIS_LAYER_PROPERTY (GIS_LAYER_ID,PROPERTIES_ID) values ('86','603');
Insert into GIS_LAYER_GIS_LAYER_PROPERTY (GIS_LAYER_ID,PROPERTIES_ID) values ('86','604');
Insert into GIS_LAYER_GIS_LAYER_PROPERTY (GIS_LAYER_ID,PROPERTIES_ID) values ('86','605');
Insert into GIS_LAYER_GIS_LAYER_PROPERTY (GIS_LAYER_ID,PROPERTIES_ID) values ('86','606');
Insert into GIS_LAYER_GIS_LAYER_PROPERTY (GIS_LAYER_ID,PROPERTIES_ID) values ('86','607');
Insert into GIS_LAYER_GIS_LAYER_PROPERTY (GIS_LAYER_ID,PROPERTIES_ID) values ('86','608');
Insert into GIS_LAYER_GIS_LAYER_PROPERTY (GIS_LAYER_ID,PROPERTIES_ID) values ('86','609');
Insert into GIS_LAYER_GIS_LAYER_PROPERTY (GIS_LAYER_ID,PROPERTIES_ID) values ('87','650');
Insert into GIS_LAYER_GIS_LAYER_PROPERTY (GIS_LAYER_ID,PROPERTIES_ID) values ('87','651');
Insert into GIS_LAYER_GIS_LAYER_PROPERTY (GIS_LAYER_ID,PROPERTIES_ID) values ('87','652');
Insert into GIS_LAYER_GIS_LAYER_PROPERTY (GIS_LAYER_ID,PROPERTIES_ID) values ('87','653');
Insert into GIS_LAYER_GIS_LAYER_PROPERTY (GIS_LAYER_ID,PROPERTIES_ID) values ('87','654');
Insert into GIS_LAYER_GIS_LAYER_PROPERTY (GIS_LAYER_ID,PROPERTIES_ID) values ('87','655');
Insert into GIS_LAYER_GIS_LAYER_PROPERTY (GIS_LAYER_ID,PROPERTIES_ID) values ('87','656');
Insert into GIS_LAYER_GIS_LAYER_PROPERTY (GIS_LAYER_ID,PROPERTIES_ID) values ('88','657');
Insert into GIS_LAYER_GIS_LAYER_PROPERTY (GIS_LAYER_ID,PROPERTIES_ID) values ('88','658');
Insert into GIS_LAYER_GIS_LAYER_PROPERTY (GIS_LAYER_ID,PROPERTIES_ID) values ('88','659');
Insert into GIS_LAYER_GIS_LAYER_PROPERTY (GIS_LAYER_ID,PROPERTIES_ID) values ('88','660');
Insert into GIS_LAYER_GIS_LAYER_PROPERTY (GIS_LAYER_ID,PROPERTIES_ID) values ('88','661');
Insert into GIS_LAYER_GIS_LAYER_PROPERTY (GIS_LAYER_ID,PROPERTIES_ID) values ('88','662');
Insert into GIS_LAYER_GIS_LAYER_PROPERTY (GIS_LAYER_ID,PROPERTIES_ID) values ('88','663');
Insert into GIS_LAYER_GIS_LAYER_PROPERTY (GIS_LAYER_ID,PROPERTIES_ID) values ('89','664');
Insert into GIS_LAYER_GIS_LAYER_PROPERTY (GIS_LAYER_ID,PROPERTIES_ID) values ('89','665');
Insert into GIS_LAYER_GIS_LAYER_PROPERTY (GIS_LAYER_ID,PROPERTIES_ID) values ('89','666');
Insert into GIS_LAYER_GIS_LAYER_PROPERTY (GIS_LAYER_ID,PROPERTIES_ID) values ('89','667');
Insert into GIS_LAYER_GIS_LAYER_PROPERTY (GIS_LAYER_ID,PROPERTIES_ID) values ('89','668');
Insert into GIS_LAYER_GIS_LAYER_PROPERTY (GIS_LAYER_ID,PROPERTIES_ID) values ('89','669');
Insert into GIS_LAYER_GIS_LAYER_PROPERTY (GIS_LAYER_ID,PROPERTIES_ID) values ('89','670');
Insert into GIS_LAYER_GIS_LAYER_PROPERTY (GIS_LAYER_ID,PROPERTIES_ID) values ('87','680');
Insert into GIS_LAYER_GIS_LAYER_PROPERTY (GIS_LAYER_ID,PROPERTIES_ID) values ('88','681');
Insert into GIS_LAYER_GIS_LAYER_PROPERTY (GIS_LAYER_ID,PROPERTIES_ID) values ('89','682');
Insert into GIS_LAYER_GIS_LAYER_PROPERTY (GIS_LAYER_ID,PROPERTIES_ID) values ('87','683');
Insert into GIS_LAYER_GIS_LAYER_PROPERTY (GIS_LAYER_ID,PROPERTIES_ID) values ('88','684');
Insert into GIS_LAYER_GIS_LAYER_PROPERTY (GIS_LAYER_ID,PROPERTIES_ID) values ('89','685');
Insert into GIS_LAYER_GIS_LAYER_PROPERTY (GIS_LAYER_ID,PROPERTIES_ID) values ('87','686');
Insert into GIS_LAYER_GIS_LAYER_PROPERTY (GIS_LAYER_ID,PROPERTIES_ID) values ('88','687');
Insert into GIS_LAYER_GIS_LAYER_PROPERTY (GIS_LAYER_ID,PROPERTIES_ID) values ('89','688');